school,sex,age,address,Pstatus,paid,activities,nursery,internet,romantic,absences,alc,stability,academic_support,idle,grade_avg,delinquency,Medu_1,Medu_2,Medu_3,Medu_4,Fedu_1,Fedu_2,Fedu_3,Fedu_4,Mjob_2,Mjob_3,Mjob_4,Mjob_5,Fjob_2,Fjob_3,Fjob_4,Fjob_5,reason_2,reason_3,reason_4,guardian_2,guardian_3,traveltime_2,traveltime_3,traveltime_4,studytime_2,studytime_3,studytime_4,failures_1,failures_2,failures_3,health_2,health_3,health_4,health_5
1,1,18,0,0,0,0,1,0,0,4,0,4,2,12,7.33,0,0,0,0,1,0,0,0,1,0,0,0,0,0,1,0,0,0,1,0,1,0,1,0,0,1,0,0,0,0,0,0,1,0,0
1,1,17,0,1,0,0,0,1,0,2,0,5,2,9,10.33,0,1,0,0,0,1,0,0,0,0,0,0,0,0,0,0,1,0,1,0,0,0,0,0,0,1,0,0,0,0,0,0,1,0,0
1,1,15,0,1,0,0,1,1,0,6,0,0,2,6,12.33,0,1,0,0,0,1,0,0,0,0,0,0,0,0,0,0,1,0,0,1,1,0,0,0,0,1,0,0,0,0,0,0,1,0,0
1,1,15,0,1,0,1,1,1,1,0,0,3,2,4,14.0,0,0,0,0,1,0,1,0,0,0,0,1,0,1,0,0,0,0,0,0,1,0,0,0,0,0,1,0,0,0,0,0,0,0,1
1,1,16,0,1,0,0,1,0,0,0,0,4,2,6,12.33,0,0,0,1,0,0,0,1,0,0,0,0,1,0,0,0,1,0,0,0,0,0,0,0,0,1,0,0,0,0,0,0,0,0,1
1,0,16,0,1,0,1,1,1,0,6,0,0,2,8,12.33,0,0,0,0,1,0,0,1,0,1,0,0,0,0,0,0,1,1,0,0,1,0,0,0,0,1,0,0,0,0,0,0,0,0,1
1,0,16,0,1,0,0,1,1,0,0,0,0,1,16,12.67,0,0,1,0,0,0,1,0,0,0,0,0,1,0,0,0,1,0,0,0,1,0,0,0,0,1,0,0,0,0,0,0,1,0,0
1,1,17,0,0,0,0,1,0,0,2,0,4,3,4,12.0,0,0,0,0,1,0,0,0,1,0,0,0,1,0,1,0,0,0,0,0,1,0,1,0,0,1,0,0,0,0,0,0,0,0,0
1,0,15,0,0,0,0,1,1,0,0,0,0,2,4,16.0,0,0,0,1,0,0,1,0,0,1,0,0,0,0,0,0,1,0,0,0,1,0,0,0,0,1,0,0,0,0,0,0,0,0,0
1,0,15,0,1,0,1,1,1,0,0,0,5,2,5,12.33,0,0,0,1,0,0,0,0,1,0,0,0,1,0,0,0,1,0,0,0,1,0,0,0,0,1,0,0,0,0,0,0,0,0,1
1,1,15,0,1,0,0,1,1,0,2,0,3,2,9,14.0,0,0,0,0,1,0,0,0,1,0,1,0,0,0,0,1,0,1,0,0,1,0,0,0,0,1,0,0,0,0,0,1,0,0,0
1,1,15,0,1,0,1,1,1,0,0,0,5,2,4,11.67,0,0,1,0,0,1,0,0,0,1,0,0,0,0,0,0,1,1,0,0,0,0,0,1,0,0,1,0,0,0,0,0,0,1,0
1,0,15,0,1,0,1,1,1,0,0,0,0,2,9,12.33,0,0,0,0,1,0,0,0,1,0,0,1,0,1,0,0,0,0,1,0,0,0,0,0,0,0,0,0,0,0,0,0,0,0,1
1,0,15,0,1,0,0,1,1,0,0,0,5,2,12,12.33,0,0,0,0,1,0,0,1,0,0,1,0,0,0,0,0,1,0,1,0,1,0,1,0,0,1,0,0,0,0,0,0,1,0,0
1,0,15,0,0,0,0,1,1,1,0,0,4,2,10,14.33,0,0,1,0,0,0,1,0,0,0,0,0,1,0,0,0,1,0,0,0,0,1,0,0,0,0,1,0,0,0,0,0,1,0,0
1,1,16,0,1,0,0,1,1,0,6,0,4,2,16,17.0,0,0,0,0,1,0,0,0,1,0,0,1,0,0,0,0,1,0,0,0,1,0,0,0,0,0,0,0,0,0,0,1,0,0,0
1,1,16,0,1,0,1,1,1,0,10,0,3,2,6,13.33,0,0,0,0,1,0,0,0,1,1,0,0,0,1,0,0,0,1,0,0,1,0,0,0,0,0,1,0,0,0,0,1,0,0,0
1,1,16,0,1,0,1,1,0,0,2,0,5,3,6,13.67,0,0,0,1,0,0,0,1,0,0,0,0,1,0,0,0,1,1,0,0,1,0,0,1,0,1,0,0,0,0,0,0,0,1,0
1,0,17,0,1,1,1,1,1,0,2,1,5,2,25,7.67,6,0,0,1,0,0,1,0,0,1,0,0,0,1,0,0,0,0,1,0,1,0,0,0,0,0,0,0,0,0,1,0,0,0,1
1,0,16,0,1,0,1,1,1,0,6,0,0,1,3,12.0,0,0,0,0,1,0,0,1,0,0,0,1,0,0,0,0,1,0,0,0,0,0,0,0,0,0,0,0,0,0,0,0,0,0,1
1,0,15,0,1,0,0,1,1,0,0,0,4,1,4,13.0,0,0,0,0,1,0,0,1,0,0,1,0,0,0,0,0,1,1,0,0,1,0,0,0,0,1,0,0,0,0,0,0,0,0,0
1,0,15,0,1,1,0,1,1,0,0,0,5,2,8,11.67,0,0,0,0,1,0,0,0,1,0,0,1,0,0,0,1,0,0,0,1,0,0,0,0,0,0,0,0,0,0,0,0,0,0,1
1,0,16,0,1,0,1,1,1,0,0,0,0,1,5,13.0,0,0,0,0,1,0,1,0,0,0,1,0,0,0,0,0,1,0,1,0,1,0,0,0,0,1,0,0,0,0,0,0,0,0,1
1,0,16,0,1,0,1,1,1,0,2,1,0,2,16,10.0,0,0,1,0,0,0,1,0,0,0,0,0,1,0,0,0,1,1,0,0,1,0,1,0,0,1,0,0,0,0,0,0,0,0,1
1,1,15,1,1,0,1,1,1,0,2,0,4,3,6,10.33,0,0,1,0,0,0,0,0,1,1,0,0,0,0,0,1,0,0,1,0,1,0,0,0,0,0,1,0,0,0,0,0,0,0,1
1,1,16,0,1,0,0,0,1,0,6,0,1,2,4,11.0,0,0,1,0,0,0,1,0,0,1,0,0,0,1,0,0,0,0,0,0,1,0,0,0,0,0,0,0,0,0,0,0,0,0,1
1,0,15,0,1,0,0,1,1,0,8,0,4,2,4,11.67,0,0,1,0,0,0,1,0,0,0,0,0,1,0,0,0,1,0,0,0,1,0,0,0,0,0,0,0,0,0,0,0,0,0,1
1,0,15,0,1,0,0,1,1,0,0,1,2,1,8,11.0,0,0,0,0,1,0,1,0,0,0,0,1,0,1,0,0,0,0,0,1,1,0,0,0,0,0,0,0,0,0,0,0,0,0,0
1,0,16,0,0,1,1,1,1,0,2,0,0,3,9,12.33,0,0,0,1,0,0,0,0,1,1,0,0,0,0,0,0,1,0,0,0,1,0,0,0,0,1,0,0,0,0,0,0,0,0,1
1,0,16,0,1,1,1,1,1,1,4,1,4,2,20,11.67,0,0,0,0,1,0,0,0,1,0,1,0,0,0,1,0,0,0,0,0,1,0,0,0,0,1,0,0,0,0,0,0,0,0,1
1,0,15,0,1,1,0,0,1,0,0,1,5,2,8,10.67,0,0,0,0,1,0,0,0,1,0,0,1,0,1,0,0,0,0,0,0,1,0,0,0,0,1,0,0,0,0,0,0,0,0,1
1,0,15,0,1,0,1,1,1,0,2,0,4,2,3,15.0,0,0,0,0,1,0,0,0,1,1,0,0,0,1,0,0,0,1,0,0,1,0,1,0,0,1,0,0,0,0,0,0,0,0,1
1,0,15,1,1,0,1,1,1,1,0,0,4,2,10,14.0,0,0,0,0,1,0,0,1,0,0,1,0,0,0,0,0,0,0,1,0,1,0,0,0,0,1,0,0,0,0,0,0,0,0,1
1,0,15,0,1,0,1,0,1,0,0,0,0,1,6,12.33,0,0,0,1,0,0,0,1,0,0,0,0,1,0,0,0,1,0,1,0,1,0,0,0,0,1,0,0,0,0,0,1,0,0,0
1,0,16,0,1,0,0,0,1,0,4,0,5,2,12,12.0,0,0,0,1,0,0,1,0,0,0,0,0,1,0,0,0,1,0,0,0,1,0,0,0,0,0,0,0,0,0,0,0,0,0,1
1,1,15,0,1,0,1,1,0,0,4,0,3,2,5,11.0,0,0,1,0,0,0,0,1,0,0,0,0,1,0,0,0,1,0,0,1,0,0,1,0,0,0,0,0,0,0,0,0,0,0,1
1,0,15,0,1,0,1,1,1,0,0,0,0,2,12,14.0,0,0,0,0,1,0,0,1,0,0,1,0,0,1,0,0,0,0,0,0,1,0,0,0,0,0,1,0,0,0,0,0,0,1,0
1,0,16,1,0,0,1,1,1,1,4,0,2,2,12,13.0,0,0,0,0,1,0,0,0,1,0,0,0,1,0,1,0,0,1,0,0,1,0,1,0,0,0,1,0,0,0,0,0,0,0,1
1,1,15,1,1,0,1,1,1,0,2,0,4,3,6,11.67,0,0,0,1,0,0,0,0,1,1,0,0,0,0,0,1,0,0,1,0,1,0,0,0,0,0,1,0,0,0,0,0,0,0,1
1,1,15,1,1,0,1,1,0,0,8,0,4,3,3,13.0,0,0,1,0,0,0,1,0,0,0,0,0,0,0,0,0,1,1,0,0,1,0,0,0,0,0,0,0,0,0,0,1,0,0,0
1,1,16,0,1,0,1,0,1,1,16,0,0,2,9,10.67,0,0,1,0,0,0,1,0,0,0,0,0,1,0,0,0,1,0,0,0,1,0,1,0,0,1,0,0,0,0,0,0,1,0,0
1,0,15,0,1,0,0,0,1,1,8,1,0,2,12,10.67,0,0,0,0,1,0,0,0,1,0,1,0,0,0,0,0,1,0,0,0,0,1,0,0,0,0,0,0,0,0,0,0,0,0,1
1,0,15,0,1,0,1,1,1,0,0,0,4,2,9,14.67,0,0,0,0,1,0,0,0,1,1,0,0,0,0,1,0,0,0,1,0,0,0,0,0,0,1,0,0,0,0,0,0,0,0,1
1,0,15,0,1,0,0,1,1,0,0,0,5,3,4,9.67,0,0,1,0,0,0,1,0,0,1,0,0,0,1,0,0,0,0,1,0,0,0,0,0,0,0,0,0,0,0,0,0,0,0,0
1,1,16,0,1,0,1,1,1,0,14,0,0,2,9,10.67,14,0,1,0,0,0,1,0,0,0,0,0,1,0,0,0,0,0,1,0,0,0,1,0,0,1,0,0,1,0,0,0,0,0,1
1,1,15,0,0,1,1,1,1,1,4,0,0,3,4,10.67,0,0,0,0,1,0,0,1,0,0,0,0,1,0,0,0,1,0,1,0,1,0,0,0,0,1,0,0,0,0,0,0,0,0,1
1,1,16,0,0,0,0,1,1,0,6,0,0,2,15,12.67,0,0,0,1,0,0,0,1,0,0,0,0,1,1,0,0,0,0,0,0,1,0,0,0,0,1,0,0,0,0,0,0,1,0,0
1,0,16,0,1,0,1,1,1,0,2,0,4,1,4,17.0,0,0,0,0,1,0,0,1,0,0,0,1,0,1,0,0,0,1,0,0,1,0,0,0,0,0,0,1,0,0,0,1,0,0,0
1,0,15,0,1,0,0,1,0,0,4,0,4,2,9,12.0,0,0,0,0,1,0,1,0,0,0,1,0,0,0,0,0,1,0,0,0,1,0,0,0,0,1,0,0,0,0,0,0,0,0,1
1,1,15,0,1,0,1,0,1,0,2,0,4,3,16,12.33,0,0,0,0,1,0,0,0,1,1,0,0,0,0,1,0,0,0,0,1,0,0,0,0,0,1,0,0,0,0,0,0,1,0,0
1,1,16,0,1,0,0,1,1,0,0,0,0,2,9,13.33,0,0,1,0,0,0,1,0,0,1,0,0,0,1,0,0,0,0,1,0,1,0,0,1,0,1,0,0,0,0,0,0,0,1,0
1,1,15,0,1,0,0,1,1,0,0,0,0,2,9,15.33,0,0,0,0,1,0,1,0,0,0,0,1,0,0,0,0,1,0,0,1,1,0,0,0,0,1,0,0,0,0,0,0,0,0,1
1,0,15,0,0,0,0,1,0,0,4,1,0,1,25,9.33,0,0,0,0,1,0,1,0,0,0,0,1,0,0,0,1,0,0,0,1,0,0,1,0,0,0,0,0,0,0,0,0,0,0,1
1,1,15,0,1,0,0,1,1,0,0,0,3,3,12,12.33,0,0,0,0,1,0,0,0,1,1,0,0,0,1,0,0,0,0,1,0,1,0,0,0,0,0,0,0,0,0,0,0,0,0,1
1,1,15,0,0,0,0,1,1,0,0,1,0,1,12,12.67,0,0,0,1,0,0,0,1,0,0,0,0,1,0,0,0,1,0,0,1,1,0,0,0,0,0,0,0,0,0,0,0,0,0,0
1,1,16,0,0,0,1,1,1,1,2,0,5,1,12,12.33,0,0,1,0,0,1,0,0,0,0,0,0,1,0,0,0,1,0,0,1,1,0,0,0,0,1,0,0,0,0,0,1,0,0,0
1,1,15,0,0,0,1,1,1,0,0,0,4,2,6,14.67,0,0,0,0,1,0,0,1,0,1,0,0,0,1,0,0,0,1,0,0,1,0,0,0,0,1,0,0,0,0,0,0,0,0,0
1,0,15,0,1,0,1,1,0,0,8,0,3,2,4,15.33,0,0,0,0,1,0,0,0,1,0,1,0,0,0,0,1,0,1,0,0,1,0,0,0,0,1,0,0,0,0,0,0,0,0,1
1,0,15,0,1,0,1,1,1,0,0,0,0,3,6,13.67,0,1,0,0,0,0,1,0,0,0,0,0,1,0,0,0,0,0,0,0,0,0,0,0,0,1,0,0,0,0,0,0,0,0,1
1,1,16,0,1,1,0,1,1,0,2,0,4,2,6,15.67,0,0,0,0,1,0,1,0,0,1,0,0,0,0,0,0,1,0,1,0,1,0,0,0,0,1,0,0,0,0,0,0,0,0,1
1,1,16,1,1,0,1,1,0,0,0,0,2,2,16,16.33,0,0,0,0,1,0,0,0,1,0,0,1,0,0,1,0,0,0,0,1,1,0,0,0,0,1,0,0,0,0,0,0,0,1,0
1,1,16,0,1,0,1,0,1,1,0,1,5,3,25,12.0,0,1,0,0,0,1,0,0,0,1,0,0,0,1,0,0,0,0,1,0,0,0,0,0,1,0,0,0,0,0,0,0,0,0,1
1,1,16,0,1,0,1,1,1,0,0,0,0,2,12,12.0,0,1,0,0,0,0,1,0,0,0,0,0,1,1,0,0,0,1,0,0,0,0,0,0,0,1,0,0,0,0,0,0,0,0,0
1,1,16,0,1,0,1,1,1,0,0,1,3,3,16,13.33,0,0,0,0,1,0,0,1,0,0,1,0,0,0,0,1,0,0,0,0,1,0,0,0,0,0,1,0,0,0,0,0,0,1,0
1,1,15,0,1,0,1,1,1,1,0,1,0,2,16,12.33,0,0,0,0,1,0,0,1,0,1,0,0,0,1,0,0,0,1,0,0,0,0,0,0,0,1,0,0,0,0,0,1,0,0,0
1,1,16,0,1,0,1,1,1,0,2,0,0,2,12,15.67,0,0,0,0,1,0,0,1,0,0,1,0,0,1,0,0,0,0,1,0,1,0,0,1,0,1,0,0,0,0,0,0,0,0,0
1,0,15,0,0,0,1,0,1,1,0,1,1,2,9,11.67,0,0,0,0,1,0,0,0,1,0,0,0,1,1,0,0,0,1,0,0,1,0,0,0,0,0,0,1,0,0,0,0,1,0,0
1,1,16,0,1,0,0,1,1,0,0,0,4,3,9,9.67,0,0,0,1,0,1,0,0,0,1,0,0,0,0,0,0,1,0,1,0,1,0,0,0,0,0,0,1,0,0,0,0,0,0,1
1,1,15,1,1,0,0,1,1,0,0,0,0,3,3,10.67,0,0,1,0,0,0,1,0,0,0,0,1,0,1,0,0,0,1,0,0,1,0,1,0,0,1,0,0,0,0,0,0,0,1,0
1,1,15,1,1,0,0,0,1,0,6,0,0,2,8,15.0,0,0,0,1,0,1,0,0,0,0,0,0,1,0,0,0,1,1,0,0,0,0,1,0,0,0,0,1,0,0,0,0,1,0,0
1,0,16,0,1,0,0,1,1,0,2,0,4,2,6,11.67,0,0,0,1,0,1,0,0,0,0,0,0,1,0,0,0,1,1,0,0,0,0,1,0,0,0,0,1,0,0,0,0,0,0,1
1,0,15,0,1,0,0,1,1,0,0,0,3,1,9,10.0,0,0,0,0,1,0,1,0,0,0,0,0,1,0,0,0,1,0,1,0,1,0,0,0,0,0,0,1,0,0,0,0,1,0,0
1,1,15,1,1,0,0,0,1,1,2,1,3,3,12,11.67,0,1,0,0,0,1,0,0,0,0,0,0,1,0,0,0,1,1,0,0,1,0,0,0,0,1,0,0,0,0,0,0,0,0,1
1,0,16,0,1,0,1,1,0,0,0,0,5,1,6,13.33,0,0,0,1,0,1,0,0,0,0,0,0,1,0,0,0,1,1,0,0,1,0,0,0,0,0,0,0,0,0,0,0,0,0,1
1,1,16,0,1,0,1,1,1,0,4,1,4,3,9,11.0,0,0,0,1,0,0,0,1,0,0,0,0,1,1,0,0,0,0,0,0,1,0,0,0,0,1,0,0,0,0,0,0,0,0,1
1,0,15,0,1,0,1,1,1,0,0,0,4,2,9,11.0,0,0,0,0,1,0,0,1,0,0,1,0,0,0,0,0,1,0,0,0,1,0,0,0,0,1,0,0,0,0,0,0,0,0,1
1,0,15,0,1,0,1,1,1,0,0,0,3,1,12,11.33,0,0,0,0,1,0,0,0,0,0,1,0,0,0,0,0,1,0,1,0,1,0,1,0,0,0,0,1,0,0,0,0,0,0,0
1,1,16,0,1,0,0,1,1,1,1,0,5,1,6,13.0,0,0,1,0,0,0,1,0,0,0,0,0,1,0,0,0,1,1,0,0,1,0,0,0,0,0,0,1,0,0,0,0,1,0,0
1,0,17,0,1,0,1,1,1,0,0,0,4,2,5,9.33,0,0,1,0,0,1,0,0,0,0,0,0,1,0,0,0,1,0,0,0,1,0,1,0,0,0,0,0,0,0,1,0,1,0,0
1,1,16,0,1,0,0,1,1,0,14,0,2,2,12,11.33,0,0,0,1,0,0,0,0,1,0,0,0,0,0,0,0,1,0,1,0,1,0,0,0,0,1,0,0,0,0,0,0,1,0,0
1,0,15,0,1,0,1,0,1,1,0,0,3,3,4,11.33,0,0,1,0,0,0,0,1,0,0,0,0,1,1,0,0,0,0,1,0,0,0,0,0,0,0,0,0,0,0,0,0,1,0,0
1,0,15,0,1,0,0,0,1,0,2,0,5,2,6,9.33,0,0,1,0,0,0,0,1,0,0,0,0,1,0,0,0,1,0,0,0,1,0,0,0,0,0,1,0,0,0,0,0,0,0,1
1,1,15,0,1,0,0,1,1,0,4,0,0,2,16,11.33,0,0,0,1,0,0,1,0,0,1,0,0,0,0,0,0,1,1,0,0,1,0,0,0,0,1,0,0,0,0,0,0,0,0,1
1,0,15,0,1,1,1,1,1,0,2,0,0,1,9,12.67,0,0,1,0,0,0,1,0,0,1,0,0,0,1,0,0,0,0,0,0,1,0,1,0,0,1,0,0,0,0,0,0,0,1,0
1,1,15,0,1,0,1,0,1,0,2,0,4,2,6,12.33,0,1,0,0,0,1,0,0,0,0,0,0,1,0,0,0,1,0,0,0,0,0,0,0,0,1,0,0,0,0,0,0,0,1,0
1,1,15,0,1,0,0,1,1,1,4,0,4,1,16,11.67,0,0,0,0,1,0,0,0,1,1,0,0,0,1,0,0,0,1,0,0,0,0,1,0,0,1,0,0,0,0,0,0,0,0,1
1,1,16,0,1,0,0,1,0,0,6,0,0,2,12,11.67,0,0,1,0,0,0,1,0,0,0,0,0,0,0,0,0,1,0,1,0,1,0,0,0,0,1,0,0,0,0,0,1,0,0,0
1,1,15,0,1,0,1,1,1,0,4,0,5,2,9,15.0,0,0,0,0,1,0,1,0,0,0,0,0,1,0,0,0,1,1,0,0,1,0,0,0,0,0,1,0,0,0,0,0,0,0,0
1,0,16,0,1,0,1,0,1,0,6,0,4,1,8,11.0,0,0,1,0,0,0,1,0,0,1,0,0,0,0,0,0,1,1,0,0,0,0,1,0,0,1,0,0,0,0,0,0,1,0,0
1,0,16,0,0,0,0,1,0,0,6,1,0,2,3,9.33,0,0,0,0,1,0,0,0,1,0,1,0,0,0,0,1,0,1,0,0,1,0,0,0,0,1,0,0,0,0,0,0,0,0,1
1,1,16,0,1,0,0,1,1,1,2,0,4,2,9,10.33,0,0,0,1,0,0,0,1,0,0,0,0,1,0,0,0,1,0,0,0,1,0,0,0,0,0,1,0,0,0,0,0,0,1,0
1,1,15,0,1,0,1,1,1,0,6,0,4,1,25,13.33,0,0,0,0,1,0,0,1,0,1,0,0,0,0,0,0,1,1,0,0,1,0,0,0,0,0,0,0,0,0,0,0,0,0,0
1,1,16,0,1,0,0,1,0,0,0,0,0,3,9,12.33,0,0,0,1,0,1,0,0,0,0,0,0,1,0,0,0,1,0,0,0,0,0,0,0,0,1,0,0,0,0,0,1,0,0,0
1,1,16,0,1,0,1,1,1,0,2,0,5,2,9,13.67,0,0,0,0,1,0,1,0,0,0,1,0,0,1,0,0,0,0,0,0,1,0,1,0,0,1,0,0,0,0,0,0,0,0,0
1,0,15,0,1,0,1,1,1,0,2,0,0,2,12,11.67,0,0,1,0,0,0,1,0,0,1,0,0,0,0,0,1,0,1,0,0,1,0,0,0,0,0,0,1,0,0,0,0,0,1,0
1,1,15,1,1,1,1,1,1,0,4,0,3,3,2,13.0,0,1,0,0,0,1,0,0,0,0,0,0,0,0,0,0,1,0,0,0,1,0,1,0,0,0,0,1,0,0,0,0,0,0,0
1,0,16,1,1,1,1,0,1,0,6,0,3,3,9,10.33,0,0,0,0,1,0,0,1,0,1,0,0,0,0,0,0,1,1,0,0,1,0,1,0,0,0,0,0,0,0,0,0,0,1,0
1,1,16,0,1,0,0,1,0,1,0,0,4,2,15,12.33,0,0,1,0,0,1,0,0,0,0,0,0,1,0,0,0,1,0,1,0,1,0,0,0,0,1,0,0,0,0,0,0,0,0,1
1,1,16,0,1,0,1,0,1,0,4,0,5,1,12,12.67,0,0,0,0,1,0,0,0,1,0,0,0,1,0,0,0,1,1,0,0,1,0,0,0,0,0,0,0,0,0,0,0,0,0,0
1,1,16,0,1,0,0,1,1,0,2,0,5,3,15,12.67,0,0,0,0,1,0,0,1,0,0,0,0,1,0,0,0,0,0,1,0,1,0,0,0,0,0,1,0,0,0,0,0,1,0,0
1,0,16,0,1,0,1,1,1,0,12,1,4,3,25,8.67,0,0,0,0,1,0,0,0,1,1,0,0,0,1,0,0,0,0,0,1,1,0,0,0,0,0,0,0,0,0,0,0,0,1,0
1,0,16,0,1,0,1,1,1,1,0,0,4,2,12,16.0,0,0,0,0,1,0,0,0,1,1,0,0,0,0,1,0,0,0,0,1,0,0,0,0,0,0,1,0,0,0,0,0,0,1,0
1,0,15,0,1,1,1,0,1,0,2,0,5,2,9,12.33,0,0,0,0,1,0,0,0,1,1,0,0,0,0,0,0,1,0,1,0,1,0,0,0,0,0,0,0,0,0,0,0,0,0,1
1,1,15,0,1,0,0,1,1,0,16,0,4,3,15,10.33,0,0,0,1,0,0,1,0,0,1,0,0,0,0,0,0,1,0,0,0,1,0,1,0,0,1,0,0,0,0,0,1,0,0,0
1,0,15,0,0,0,1,1,1,0,0,0,5,2,16,16.0,0,0,0,1,0,0,0,0,1,1,0,0,0,0,0,0,1,0,1,0,1,0,0,0,0,1,0,0,0,0,0,0,0,0,0
1,1,15,0,0,0,0,1,0,0,10,0,4,2,9,10.0,0,0,0,1,0,0,0,1,0,0,0,0,1,0,0,1,0,1,0,0,0,0,0,0,0,0,0,1,0,0,0,0,0,1,0
1,1,15,0,1,0,0,1,1,0,4,0,5,3,2,10.0,0,0,1,0,0,0,1,0,0,0,0,0,1,0,0,0,1,0,1,0,1,0,0,0,0,0,0,1,0,0,0,0,1,0,0
1,0,16,0,1,0,1,1,1,0,4,0,5,2,9,13.67,0,0,0,1,0,0,0,1,0,1,0,0,0,0,0,0,1,0,0,0,0,0,0,0,0,0,1,0,0,0,0,0,0,0,1
1,0,15,1,1,0,1,1,1,1,8,1,1,2,15,11.0,0,0,0,0,1,0,0,0,1,0,0,0,1,0,0,0,1,0,0,0,0,0,0,0,1,0,0,1,0,0,0,0,0,0,0
1,1,16,0,1,0,1,1,1,1,2,0,0,2,20,14.67,0,0,0,0,1,0,0,0,1,0,0,1,0,0,0,1,0,0,0,1,1,0,0,0,0,0,1,0,0,0,0,0,0,1,0
1,0,15,0,0,0,1,1,1,0,4,0,0,1,15,13.67,0,0,0,0,1,0,0,0,1,0,1,0,0,0,1,0,0,0,1,0,1,0,0,0,0,0,0,0,0,0,0,0,0,1,0
1,1,16,1,1,0,1,1,1,0,4,0,4,3,2,11.0,0,0,0,1,0,0,0,1,0,1,0,0,0,0,0,0,1,1,0,0,0,0,0,0,0,0,1,0,0,0,0,1,0,0,0
1,1,16,0,1,0,1,1,1,0,12,0,3,2,2,9.33,12,0,1,0,0,0,1,0,0,0,0,0,0,0,0,0,1,0,0,0,1,0,0,0,0,1,0,0,1,0,0,0,0,0,1
1,0,15,0,1,0,0,1,1,0,10,0,0,1,10,17.67,0,0,0,0,1,0,1,0,0,0,1,0,0,0,0,0,1,0,1,0,1,0,0,0,0,0,0,0,0,0,0,0,1,0,0
1,0,15,1,1,0,1,1,1,1,4,0,5,1,8,9.67,0,0,1,0,0,1,0,0,0,0,0,1,0,1,0,0,0,1,0,0,1,0,0,0,0,1,0,0,0,0,0,0,0,0,1
1,0,16,0,1,0,1,1,1,0,6,0,5,2,16,14.67,0,0,0,0,1,0,0,0,1,0,1,0,0,0,1,0,0,0,1,0,0,0,0,0,0,1,0,0,0,0,0,0,0,0,1
1,0,15,0,1,0,1,1,0,0,4,0,4,2,12,15.67,0,0,0,0,1,0,0,0,1,0,0,0,1,0,1,0,0,1,0,0,0,0,1,0,0,1,0,0,0,0,0,1,0,0,0
1,0,16,0,1,0,1,1,1,0,6,0,5,1,8,14.33,0,0,0,1,0,0,0,1,0,0,0,0,1,1,0,0,0,0,0,0,0,0,1,0,0,0,0,0,0,0,0,0,0,0,1
1,0,17,1,1,0,1,1,1,0,14,0,5,2,8,11.33,14,1,0,0,0,0,0,1,0,0,0,0,1,0,0,0,1,0,1,0,0,0,0,1,0,1,0,0,1,0,0,0,0,0,1
1,0,15,0,1,0,0,1,1,0,2,0,3,1,12,13.67,0,0,0,1,0,0,0,0,1,0,0,0,1,0,0,0,1,1,0,0,0,0,0,0,0,0,0,0,0,0,0,0,0,1,0
1,1,15,0,1,0,0,0,1,0,0,0,3,1,6,14.0,0,1,0,0,0,0,1,0,0,0,0,0,0,1,0,0,0,0,1,0,1,0,0,0,0,1,0,0,0,0,0,0,0,0,0
1,0,15,0,1,0,1,1,1,0,6,0,5,2,20,13.33,0,0,1,0,0,0,1,0,0,1,0,0,0,1,0,0,0,0,0,0,0,0,0,0,0,0,0,1,0,0,0,0,0,0,1
1,1,16,0,1,0,1,1,1,1,2,0,0,2,4,13.0,0,0,1,0,0,0,0,0,1,0,0,0,1,0,0,1,0,0,1,0,0,0,1,0,0,1,0,0,0,0,0,0,0,0,1
1,0,16,0,1,0,1,1,1,0,4,0,3,2,16,12.67,0,0,0,0,1,0,0,0,1,0,0,1,0,0,0,0,1,0,1,0,1,0,0,0,0,0,0,0,0,0,0,0,0,0,1
1,1,16,0,1,0,0,1,1,1,0,0,5,1,16,11.33,0,0,1,0,0,0,1,0,0,0,0,0,1,0,0,0,1,0,0,0,1,0,0,0,0,1,0,0,0,0,0,0,0,0,1
1,0,15,0,1,0,0,1,1,0,2,0,5,2,25,9.0,0,0,0,1,0,0,0,0,1,1,0,0,0,1,0,0,0,0,0,0,0,0,0,0,0,0,0,0,0,0,0,0,0,0,1
1,1,15,0,0,0,1,1,1,1,0,0,0,2,6,10.67,0,0,0,1,0,0,0,0,1,0,0,0,1,0,0,0,1,0,0,0,1,0,0,0,0,1,0,0,0,0,0,0,0,0,0
1,1,19,0,1,0,0,0,0,0,0,0,3,1,8,10.0,0,0,0,0,0,1,0,0,0,0,0,0,0,0,0,0,1,0,1,0,0,1,0,0,0,1,0,0,0,1,0,0,0,0,1
1,0,16,1,1,0,1,1,1,0,8,1,3,1,25,14.33,0,0,0,0,1,0,0,0,1,0,1,0,0,0,1,0,0,0,1,0,1,0,0,0,0,0,0,0,0,0,0,0,0,1,0
1,0,16,0,1,0,0,0,1,1,4,0,3,2,6,12.67,0,0,1,0,0,0,0,1,0,0,0,0,1,0,0,0,1,0,1,0,1,0,1,0,0,0,1,0,0,0,0,0,0,0,0
1,1,15,1,1,0,0,1,1,1,0,0,4,2,4,11.0,0,0,0,1,0,0,0,0,1,1,0,0,0,0,1,0,0,0,1,0,0,0,1,0,0,0,1,0,0,0,0,0,0,0,1
1,1,18,0,1,0,1,1,1,1,10,0,5,1,20,9.0,30,0,1,0,0,1,0,0,0,1,0,0,0,0,0,0,1,1,0,0,1,0,0,0,0,1,0,0,0,0,1,0,0,0,1
1,1,17,0,0,0,0,1,1,0,8,0,0,2,4,10.67,0,0,1,0,0,1,0,0,0,0,0,0,1,0,0,0,1,0,1,0,1,0,0,1,0,0,0,0,0,0,0,0,0,0,1
1,1,15,0,1,0,1,0,1,1,6,0,4,2,9,12.0,0,1,0,0,0,1,0,0,0,0,0,0,0,0,0,0,1,0,1,0,1,0,0,1,0,0,0,0,0,0,0,0,0,1,0
1,1,17,0,1,0,0,1,1,1,2,0,0,2,16,12.33,0,0,1,0,0,0,1,0,0,0,0,0,1,0,0,0,1,0,1,0,0,0,0,0,0,0,0,0,0,0,0,0,0,0,1
1,1,16,0,0,0,0,1,1,0,12,0,3,1,2,14.0,0,0,0,1,0,0,0,0,1,1,0,0,0,0,0,0,1,0,1,0,0,0,0,0,0,0,0,0,0,0,0,0,0,0,1
1,0,16,0,1,0,0,1,0,0,4,0,3,1,2,9.67,0,0,1,0,0,1,0,0,0,0,0,0,0,0,0,0,1,0,1,0,1,0,0,0,1,0,0,0,0,0,0,1,0,0,0
1,1,16,0,0,0,0,1,0,0,12,0,5,1,12,11.67,12,0,1,0,0,0,1,0,0,0,0,0,1,0,0,0,1,0,0,0,1,0,0,0,0,0,0,0,1,0,0,0,0,0,1
1,0,15,1,1,0,0,1,0,1,2,0,5,2,9,11.33,0,0,0,1,0,0,0,0,1,0,0,0,0,0,1,0,0,0,1,0,1,0,0,0,1,1,0,0,0,0,0,0,0,0,1
1,1,15,0,1,0,1,1,1,1,4,0,4,2,9,14.0,0,0,0,0,1,0,0,0,1,1,0,0,0,0,0,0,0,0,1,0,1,0,0,0,0,0,1,0,0,0,0,0,0,0,1
1,0,17,1,1,0,0,1,0,0,2,1,5,1,20,9.67,0,0,0,1,0,0,0,0,1,0,0,0,0,0,0,0,1,0,1,0,1,0,0,1,0,1,0,0,0,0,0,0,0,0,1
1,1,16,1,1,0,0,1,0,0,0,0,5,2,3,13.33,0,1,0,0,0,1,0,0,0,0,0,0,0,0,0,0,1,0,1,0,1,0,0,0,1,1,0,0,0,0,0,0,1,0,0
1,0,18,0,1,0,1,1,1,1,2,1,0,1,12,11.33,0,0,0,1,0,1,0,0,0,1,0,0,0,1,0,0,0,0,1,0,1,0,1,0,0,0,0,0,0,0,0,0,0,1,0
1,1,18,0,0,0,1,0,1,1,10,1,4,2,9,11.33,0,0,0,1,0,0,1,0,0,0,0,0,1,1,0,0,0,0,1,0,0,1,0,0,0,0,1,0,0,0,0,0,0,0,1
1,1,16,1,1,0,1,1,0,1,8,0,3,2,9,11.33,0,1,0,0,0,1,0,0,0,0,0,0,1,1,0,0,0,1,0,0,1,0,1,0,0,0,0,0,0,0,0,0,0,0,0
1,1,16,0,0,0,1,0,1,1,4,0,4,2,6,9.33,0,0,0,1,0,0,0,1,0,0,0,0,1,0,0,0,1,0,1,0,0,1,1,0,0,0,0,0,0,0,0,0,0,0,1
1,0,16,0,1,0,0,1,0,1,0,0,0,1,16,10.0,0,1,0,0,0,1,0,0,0,1,0,0,0,0,0,0,1,0,1,0,1,0,0,0,0,1,0,0,0,1,0,0,0,0,1
1,1,15,0,1,0,1,1,1,0,6,0,4,1,6,13.67,0,0,0,0,1,0,0,0,1,0,1,0,0,0,1,0,0,0,1,0,1,0,1,0,0,0,0,0,0,0,0,0,0,0,1
1,1,15,1,1,0,1,1,1,1,2,0,5,1,25,8.67,2,1,0,0,0,1,0,0,0,0,0,0,1,0,0,0,1,0,1,0,1,0,0,1,0,0,0,0,1,0,0,0,0,0,0
1,0,15,0,1,0,0,1,1,0,6,0,2,3,4,10.33,0,0,0,0,1,0,0,1,0,0,1,0,0,1,0,0,0,0,1,0,0,0,1,0,0,0,0,1,0,0,0,0,1,0,0
1,1,15,0,0,0,0,0,0,1,24,0,1,1,6,8.67,0,0,0,1,0,0,0,1,0,1,0,0,0,1,0,0,0,0,0,0,1,0,0,0,0,1,0,0,0,0,0,0,0,0,0
1,0,16,0,1,0,1,1,1,0,0,0,5,2,9,13.67,0,0,0,0,1,0,0,0,1,1,0,0,0,1,0,0,0,0,1,0,1,0,0,0,0,0,1,0,0,0,0,0,0,0,1
1,0,16,0,1,0,1,1,1,0,4,0,0,2,9,11.33,0,0,1,0,0,0,1,0,0,1,0,0,0,1,0,0,0,1,0,0,0,0,1,0,0,0,0,0,0,0,0,1,0,0,0
1,1,15,0,1,0,1,1,1,0,2,0,4,2,4,13.0,0,0,0,0,1,0,0,0,1,0,1,0,0,1,0,0,0,0,1,0,1,0,0,0,0,0,1,0,0,0,0,0,0,0,1
1,1,16,0,1,0,0,1,1,0,4,1,0,1,16,10.67,0,1,0,0,0,1,0,0,0,0,0,0,0,0,0,0,0,0,1,0,1,0,0,0,0,0,0,0,0,0,0,0,0,0,0
1,0,17,0,1,0,0,1,1,0,22,0,5,2,20,7.33,0,0,1,0,0,1,0,0,0,0,0,0,1,0,0,0,1,0,0,0,1,0,0,0,0,0,0,0,0,0,0,0,0,0,1
1,1,15,0,1,0,0,1,1,0,0,0,4,2,8,12.0,0,1,0,0,0,1,0,0,0,0,0,0,1,1,0,0,0,0,1,0,0,0,0,0,0,1,0,0,0,0,0,0,0,0,1
1,1,15,0,0,0,1,1,1,1,0,0,0,1,8,10.33,0,0,1,0,0,1,0,0,0,0,0,0,0,0,0,0,1,0,0,0,1,0,1,0,0,0,0,0,0,0,0,0,0,0,1
1,1,15,0,1,0,0,1,1,0,2,0,3,2,6,11.0,2,0,0,1,0,0,1,0,0,0,0,1,0,1,0,0,0,0,0,0,0,0,0,0,0,1,0,0,1,0,0,0,1,0,0
1,1,15,0,1,0,0,0,1,0,6,0,4,2,6,12.67,0,1,0,0,0,0,1,0,0,0,0,0,0,0,0,0,1,0,1,0,1,0,0,0,0,1,0,0,0,0,0,0,0,0,1
1,1,15,0,1,0,0,0,0,1,6,1,2,1,12,11.0,0,1,0,0,0,0,1,0,0,0,0,0,0,1,0,0,0,0,1,0,0,0,0,0,0,1,0,0,0,0,0,0,0,0,0
1,0,16,0,1,0,0,1,1,1,16,0,3,1,6,8.67,0,0,0,0,1,0,0,0,1,0,1,0,0,0,1,0,0,0,1,0,1,0,0,0,0,0,0,0,0,0,0,0,0,0,1
1,0,15,0,0,0,0,1,1,0,0,1,0,1,25,11.33,0,0,1,0,0,1,0,0,0,1,0,0,0,0,0,0,1,0,1,0,1,0,0,0,1,0,0,0,0,0,0,0,0,0,1
1,0,18,0,1,0,0,1,1,1,0,1,0,0,15,6.67,0,1,0,0,0,1,0,0,0,0,0,0,1,0,0,0,1,0,1,0,1,0,0,0,0,0,0,0,0,1,0,0,0,1,0
1,0,16,0,1,0,1,1,0,1,6,1,0,1,16,9.67,6,0,1,0,0,1,0,0,0,0,0,0,0,0,0,0,1,0,1,0,1,0,0,0,0,0,0,0,1,0,0,0,0,0,1
1,1,15,1,1,1,1,1,1,1,2,0,4,2,2,13.0,0,0,0,1,0,0,0,1,0,1,0,0,0,1,0,0,0,1,0,0,0,1,1,0,0,0,1,0,0,0,0,0,1,0,0
1,0,19,0,1,0,0,1,1,1,6,0,4,1,20,10.33,0,0,0,1,0,0,1,0,0,1,0,0,0,0,0,0,0,0,0,0,1,0,0,0,0,0,0,0,0,0,0,0,0,1,0
1,1,17,0,1,0,0,1,0,1,0,0,4,3,2,13.0,0,0,0,0,1,0,0,0,1,0,0,0,1,0,1,0,0,0,1,0,1,0,0,0,0,0,0,0,0,0,0,0,0,1,0
1,0,15,1,1,1,1,1,0,0,0,0,4,2,16,7.67,0,0,1,0,0,0,0,1,0,0,0,0,0,1,0,0,0,0,1,0,1,0,0,0,0,1,0,0,0,0,0,0,0,0,0
1,0,17,1,1,0,0,1,0,0,14,1,0,1,4,9.0,42,1,0,0,0,0,1,0,0,0,0,0,1,0,0,0,1,1,0,0,1,0,0,0,0,0,0,0,0,0,1,0,0,0,1
1,1,18,1,1,0,1,0,0,0,6,1,5,2,10,10.67,18,1,0,0,0,1,0,0,0,0,0,0,0,0,0,0,1,0,1,0,1,0,0,1,0,0,0,0,0,0,1,0,0,1,0
1,0,16,1,1,0,0,0,0,0,4,0,4,1,4,11.0,0,0,1,0,0,0,1,0,0,0,0,0,0,0,0,0,1,0,1,0,1,0,0,1,0,0,0,0,0,0,0,0,1,0,0
1,0,16,0,1,0,0,1,1,1,0,1,4,2,25,7.0,0,0,0,1,0,0,0,1,0,0,0,0,1,1,0,0,0,0,1,0,0,0,0,0,0,1,0,0,1,0,0,0,0,0,1
1,0,16,0,1,0,0,0,1,0,0,1,0,1,20,9.0,0,1,0,0,0,0,1,0,0,0,0,1,0,1,0,0,0,0,1,0,1,0,1,0,0,0,0,0,0,1,0,0,0,0,1
1,0,17,1,1,1,1,1,1,1,8,0,0,0,6,8.33,8,0,1,0,0,1,0,0,0,0,0,0,0,0,0,0,1,0,1,0,1,0,1,0,0,0,0,0,1,0,0,0,0,0,1
1,0,17,1,1,0,0,1,1,1,4,0,4,3,16,7.0,8,0,0,1,0,0,1,0,0,0,0,0,1,0,0,0,1,0,1,0,1,0,1,0,0,1,0,0,0,1,0,0,1,0,0
1,0,15,0,1,0,1,1,0,0,2,1,0,1,16,9.0,0,1,0,0,0,0,1,0,0,0,0,0,1,0,0,0,1,0,1,0,1,0,1,0,0,0,0,0,0,0,0,0,0,0,1
1,0,16,0,1,0,0,1,1,0,2,0,5,0,9,8.33,2,1,0,0,0,0,0,1,0,0,0,0,0,1,0,0,0,0,1,0,0,0,0,0,0,0,0,0,1,0,0,1,0,0,0
1,0,17,1,1,0,1,1,0,1,0,1,0,0,15,8.0,0,1,0,0,0,1,0,0,0,0,0,0,1,1,0,0,0,0,1,0,1,0,0,0,1,1,0,0,0,0,0,0,0,0,1
1,0,17,0,1,0,1,0,0,0,10,0,4,1,10,7.67,30,0,0,1,0,0,1,0,0,1,0,0,0,1,0,0,0,0,1,0,1,0,1,0,0,0,0,0,0,0,1,1,0,0,0
1,0,16,0,1,0,0,1,1,0,0,1,4,0,15,10.0,0,0,1,0,0,0,1,0,0,0,0,0,1,0,0,0,1,0,1,0,0,0,0,0,0,1,0,0,0,0,0,0,0,1,0
1,1,16,0,1,0,0,1,1,1,0,0,4,1,6,17.33,0,0,0,0,1,0,1,0,0,0,0,1,0,1,0,0,0,0,0,0,0,0,0,0,0,1,0,0,0,0,0,0,1,0,0
1,1,16,0,1,0,0,0,1,0,0,0,5,2,5,12.33,0,0,1,0,0,0,1,0,0,0,0,0,1,0,0,0,1,0,0,0,1,0,0,0,0,1,0,0,0,0,0,0,0,1,0
1,1,16,0,1,0,0,1,1,1,0,0,4,2,8,16.33,0,0,0,0,1,0,0,0,1,0,0,1,0,0,0,1,0,1,0,0,1,0,0,0,0,1,0,0,0,0,0,0,1,0,0
1,0,16,0,1,0,1,0,1,0,4,1,3,2,20,9.33,4,0,0,1,0,0,0,0,1,0,0,0,1,0,0,0,1,0,1,0,0,0,0,1,0,0,0,0,1,0,0,1,0,0,0
1,0,16,0,1,0,1,1,1,1,0,0,4,2,6,17.0,0,1,0,0,0,0,0,0,0,0,0,0,1,0,0,0,1,1,0,0,1,0,1,0,0,1,0,0,0,0,0,0,1,0,0
1,0,17,0,1,0,1,1,1,0,0,0,0,2,16,10.0,0,0,0,0,1,0,0,0,1,0,1,0,0,0,0,0,1,1,0,0,1,0,0,0,0,1,0,0,0,0,0,0,0,0,1
1,1,16,0,1,0,1,0,1,1,0,0,4,1,15,13.33,0,1,0,0,0,0,0,1,0,0,0,0,0,1,0,0,0,0,0,0,1,0,0,0,0,1,0,0,0,0,0,0,1,0,0
1,1,16,0,1,0,1,1,1,0,0,0,0,2,20,14.33,0,0,0,1,0,0,0,1,0,0,0,0,1,0,0,0,1,1,0,0,1,0,1,0,0,1,0,0,0,0,0,0,0,1,0
1,0,17,0,1,0,1,1,1,0,0,1,0,1,16,10.67,0,0,0,0,1,0,0,1,0,0,1,0,0,0,0,0,1,0,1,0,1,0,1,0,0,1,0,0,0,0,0,0,0,1,0
1,1,16,0,1,0,1,0,1,0,0,0,3,1,16,13.0,0,0,1,0,0,0,1,0,0,1,0,0,0,0,0,0,1,1,0,0,1,0,1,0,0,1,0,0,0,0,0,0,0,0,1
1,0,17,0,1,0,1,0,1,0,4,0,4,1,12,10.0,0,0,0,1,0,0,0,1,0,0,0,0,1,0,0,0,1,1,0,0,0,0,0,0,0,1,0,0,0,0,0,0,0,1,0
1,0,16,1,1,0,1,1,1,1,8,1,4,2,9,10.0,0,0,0,0,1,0,1,0,0,0,1,0,0,1,0,0,0,0,0,1,1,0,0,0,0,0,0,0,0,0,0,0,1,0,0
1,0,17,0,1,1,1,1,1,1,4,0,5,2,6,11.67,0,0,0,0,1,0,0,1,0,0,0,0,1,0,0,0,1,0,1,0,1,0,0,0,0,1,0,0,0,0,0,1,0,0,0
1,0,16,0,1,1,1,1,1,0,4,0,3,2,12,10.67,0,0,0,0,1,0,0,1,0,0,1,0,0,0,0,0,1,0,0,0,1,0,0,0,0,1,0,0,0,0,0,0,1,0,0
1,0,16,0,1,0,1,1,1,1,0,0,4,1,6,12.0,0,0,0,1,0,0,0,1,0,1,0,0,0,0,0,0,1,0,0,0,1,0,0,0,0,1,0,0,0,0,0,0,1,0,0
1,1,17,0,1,0,1,1,0,0,0,0,5,2,8,17.33,0,0,1,0,0,0,0,0,1,1,0,0,0,1,0,0,0,1,0,0,0,0,0,0,0,1,0,0,0,0,0,0,0,0,1
1,1,17,0,1,0,1,1,1,1,32,0,0,2,9,13.67,0,0,0,1,0,0,0,1,0,0,0,0,1,0,0,0,1,1,0,0,1,0,0,0,0,1,0,0,0,0,0,0,0,0,0
1,1,16,0,1,0,0,1,1,0,8,0,1,2,4,15.0,0,0,0,1,0,0,1,0,0,0,0,0,1,0,0,0,1,1,0,0,1,0,0,0,0,1,0,0,0,0,0,0,0,0,0
1,0,17,0,1,0,1,1,1,1,6,0,4,2,12,12.67,0,0,0,1,0,0,0,1,0,1,0,0,0,1,0,0,0,0,0,1,1,0,0,0,0,1,0,0,0,0,0,0,0,1,0
1,0,16,0,1,0,1,1,1,1,0,0,3,2,9,10.0,0,1,0,0,0,0,1,0,0,1,0,0,0,1,0,0,0,0,0,1,1,0,0,0,0,0,0,0,0,0,0,0,1,0,0
1,0,16,0,1,0,1,1,1,1,0,0,0,1,6,14.33,0,0,1,0,0,1,0,0,0,0,0,0,1,0,0,0,1,0,1,0,1,0,0,0,0,1,0,0,0,0,0,0,0,0,1
1,1,17,0,0,0,0,0,1,1,10,0,3,2,9,13.0,0,0,0,1,0,0,0,1,0,0,0,1,0,0,0,0,1,1,0,0,1,0,0,0,0,1,0,0,0,0,0,0,1,0,0
1,0,17,1,1,0,0,1,0,0,6,1,3,1,3,9.33,0,1,0,0,0,0,1,0,0,0,0,0,0,0,0,0,1,0,0,0,1,0,0,0,0,1,0,0,0,0,0,0,1,0,0
1,1,16,0,1,0,0,1,1,0,6,0,4,1,9,12.33,0,0,1,0,0,0,0,1,0,1,0,0,0,1,0,0,0,0,1,0,1,0,0,0,0,1,0,0,0,0,0,1,0,0,0
1,1,17,0,1,0,1,1,1,0,0,0,5,1,9,11.67,0,1,0,0,0,1,0,0,0,0,0,0,0,1,0,0,0,0,1,0,1,0,0,0,0,1,0,0,0,0,0,0,1,0,0
1,0,17,0,1,0,1,0,1,0,16,1,4,1,16,11.0,0,1,0,0,0,0,1,0,0,0,0,0,0,1,0,0,0,0,0,1,0,1,1,0,0,1,0,0,0,0,0,0,0,0,1
1,0,16,1,1,0,1,1,1,0,0,1,4,2,6,10.33,0,0,0,1,0,0,0,1,0,1,0,0,0,1,0,0,0,1,0,0,1,0,0,0,0,0,0,0,0,0,0,0,0,0,1
1,0,16,0,1,0,0,1,1,0,0,0,5,1,9,12.33,0,0,1,0,0,0,0,1,0,0,0,0,1,0,0,0,1,0,0,0,0,0,1,0,0,0,0,0,0,0,0,0,1,0,0
1,1,17,0,1,0,1,1,1,1,8,0,0,1,6,15.0,0,0,1,0,0,0,0,0,1,1,0,0,0,1,0,0,0,0,1,0,0,0,0,0,0,1,0,0,0,0,0,0,0,0,1
1,0,17,0,1,0,0,1,1,0,4,0,5,1,6,13.33,0,0,0,0,1,0,0,0,1,1,0,0,0,0,1,0,0,0,0,0,1,0,0,0,0,0,0,0,0,0,0,0,0,0,1
1,0,16,1,1,0,1,1,1,0,16,1,0,2,12,11.0,0,0,0,1,0,0,0,1,0,0,1,0,0,0,0,0,1,0,0,0,0,0,0,1,0,0,0,0,0,0,0,0,1,0,0
1,1,17,0,1,0,0,1,1,0,30,0,4,2,8,15.0,30,0,0,0,1,0,0,0,1,1,0,0,0,0,1,0,0,0,0,0,1,0,1,0,0,0,0,0,1,0,0,1,0,0,0
1,1,16,0,1,0,0,1,1,0,0,0,0,2,10,10.67,0,0,0,0,1,0,0,0,1,0,1,0,0,0,1,0,0,1,0,0,1,0,0,0,0,1,0,0,0,0,0,0,1,0,0
1,1,16,0,1,0,1,1,1,0,2,1,4,2,15,14.33,0,0,0,0,1,0,0,1,0,0,0,1,0,0,0,0,1,0,0,0,1,0,0,0,0,1,0,0,0,0,0,1,0,0,0
1,1,16,0,1,0,1,1,0,0,4,0,4,3,12,11.67,0,0,1,0,0,0,0,1,0,0,0,0,1,0,0,0,1,1,0,0,1,0,0,0,0,1,0,0,0,0,0,0,0,1,0
1,1,17,0,1,0,0,0,0,0,0,0,4,2,16,14.67,0,1,0,0,0,1,0,0,0,0,0,0,1,0,0,0,1,0,1,0,1,0,0,0,0,1,0,0,0,0,0,0,0,0,0
1,1,17,1,1,0,0,1,1,0,21,0,5,2,6,13.0,0,0,1,0,0,0,1,0,0,0,0,0,1,0,0,0,1,1,0,0,1,0,0,0,0,0,0,0,0,0,0,0,1,0,0
1,1,16,1,1,0,1,0,1,0,6,0,5,2,15,13.0,0,0,1,0,0,0,1,0,0,1,0,0,0,1,0,0,0,1,0,0,1,0,1,0,0,0,0,1,0,0,0,0,0,0,1
1,1,17,0,1,1,0,1,1,1,14,1,4,2,12,8.33,14,0,0,1,0,0,0,0,1,0,0,0,0,1,0,0,0,0,0,0,1,0,0,0,0,0,1,0,1,0,0,0,0,0,1
1,1,16,0,0,0,0,1,1,0,2,0,2,2,9,11.33,0,0,0,1,0,1,0,0,0,1,0,0,0,0,0,0,1,0,1,0,1,0,0,0,0,1,0,0,0,0,0,0,0,1,0
1,1,16,0,1,0,1,1,1,1,4,0,1,1,6,14.67,0,0,0,0,1,0,0,1,0,0,1,0,0,0,0,0,1,0,0,1,1,0,0,0,0,1,0,0,0,0,0,0,0,0,0
1,1,16,0,1,0,0,1,0,0,2,0,4,2,6,12.67,0,1,0,0,0,1,0,0,0,0,0,0,0,0,0,0,1,0,0,0,1,0,1,0,0,0,0,0,0,0,0,0,0,0,1
1,1,17,1,1,0,1,1,1,1,0,0,4,2,8,11.67,0,0,0,0,1,0,0,1,0,0,1,0,0,0,0,0,1,1,0,0,1,0,1,0,0,0,1,0,0,0,0,0,0,1,0
1,1,19,0,1,0,1,1,1,0,4,0,4,2,9,12.0,0,0,0,1,0,0,0,1,0,0,0,0,1,0,0,0,1,1,0,0,0,1,0,0,0,0,0,1,0,0,0,0,1,0,0
1,0,17,0,1,0,0,1,1,1,15,1,0,2,15,12.33,0,0,0,0,1,0,0,0,1,1,0,0,0,0,0,0,1,0,0,0,1,0,0,0,0,1,0,0,0,0,0,0,1,0,0
1,1,16,0,0,0,0,1,1,0,0,0,3,3,12,13.0,0,0,1,0,0,0,1,0,0,0,0,0,1,0,0,0,1,1,0,0,1,0,0,0,0,1,0,0,0,0,0,0,0,1,0
1,0,18,0,1,0,1,1,1,0,10,1,4,2,16,11.33,0,0,1,0,0,0,1,0,0,1,0,0,0,0,0,0,1,0,0,0,1,0,0,0,0,1,0,0,0,0,0,0,0,0,1
1,1,17,1,1,0,0,1,0,0,6,0,0,2,2,11.33,0,0,0,0,1,0,0,0,1,1,0,0,0,0,0,0,1,0,0,1,1,0,0,0,0,0,0,0,0,0,0,0,1,0,0
1,1,17,0,1,0,0,1,1,0,2,0,0,1,16,15.0,0,0,0,1,0,0,1,0,0,0,0,0,1,0,0,0,1,1,0,0,1,0,1,0,0,1,0,0,0,0,0,0,0,0,0
1,1,17,0,1,0,0,1,1,1,16,1,3,1,20,10.0,0,0,0,0,1,0,0,1,0,0,0,0,1,0,0,0,1,1,0,0,1,0,0,0,0,1,0,0,0,0,0,0,0,0,0
1,0,18,0,1,0,0,1,1,0,10,1,0,2,8,10.0,0,0,0,1,0,0,0,1,0,1,0,0,0,0,0,1,0,0,0,0,0,0,0,0,0,1,0,0,0,0,0,0,0,1,0
1,1,17,0,1,0,0,1,0,0,4,0,3,2,9,12.67,0,0,1,0,0,0,0,1,0,0,0,0,0,0,0,0,1,0,0,0,0,0,1,0,0,0,0,0,0,0,0,0,1,0,0
1,1,17,0,1,0,1,1,1,0,0,0,4,2,9,12.33,0,0,1,0,0,0,1,0,0,0,0,0,0,0,0,0,0,0,1,0,1,0,0,0,0,0,1,0,0,0,0,0,0,1,0
1,1,17,1,1,0,1,1,1,0,0,0,4,2,10,10.67,0,0,1,0,0,1,0,0,0,0,0,0,0,1,0,0,0,1,0,0,1,0,1,0,0,1,0,0,0,0,0,0,0,0,1
1,1,17,0,1,0,1,1,0,1,12,0,4,2,12,12.0,0,1,0,0,0,1,0,0,0,0,0,0,0,0,0,0,1,1,0,0,1,0,0,0,0,0,1,0,0,0,0,0,0,0,1
1,1,16,0,1,0,0,1,1,0,0,0,2,2,3,13.33,0,0,1,0,0,0,0,1,0,1,0,0,0,0,1,0,0,0,0,1,1,0,0,0,0,1,0,0,0,0,0,0,1,0,0
1,0,18,0,1,1,0,1,1,0,9,1,3,2,9,9.67,27,0,1,0,0,0,1,0,0,0,0,0,1,0,0,0,1,0,0,0,1,0,1,0,0,1,0,0,0,0,1,0,0,1,0
1,1,16,0,1,0,1,0,1,0,4,0,5,2,6,15.67,0,0,0,0,1,0,0,0,1,0,1,0,0,1,0,0,0,0,0,0,1,0,0,0,0,0,1,0,0,0,0,0,0,0,1
1,1,18,1,1,0,1,1,1,1,4,0,5,1,9,8.0,0,0,0,1,0,1,0,0,0,0,0,0,1,0,0,0,1,1,0,0,1,0,0,0,0,1,0,0,0,0,0,0,0,1,0
1,1,17,0,1,0,1,0,1,0,2,0,5,1,12,17.33,0,0,0,1,0,0,1,0,0,0,0,0,1,0,0,0,1,0,1,0,1,0,0,0,0,1,0,0,0,0,0,0,1,0,0
1,0,17,0,1,0,0,0,1,0,0,0,0,2,9,10.67,0,0,1,0,0,0,0,1,0,1,0,0,0,1,0,0,0,1,0,0,0,0,0,0,0,1,0,0,0,0,0,0,1,0,0
1,0,18,0,1,0,1,1,1,1,2,1,0,3,6,10.0,0,0,1,0,0,1,0,0,0,0,0,0,0,0,0,0,1,0,1,0,1,0,0,0,1,1,0,0,0,0,0,0,1,0,0
1,1,17,0,0,0,1,1,1,1,0,0,3,1,6,15.33,0,0,1,0,0,1,0,0,0,0,0,0,1,0,0,0,1,0,1,0,1,0,1,0,0,0,1,0,0,0,0,0,1,0,0
1,1,17,0,1,0,1,1,1,1,0,0,0,1,6,12.67,0,0,0,0,1,0,0,1,0,0,0,1,0,0,0,0,1,1,0,0,0,0,0,0,0,1,0,0,0,0,0,0,1,0,0
1,0,17,1,1,0,1,1,1,0,0,0,4,2,10,12.67,0,0,1,0,0,0,1,0,0,0,0,0,1,0,0,0,1,0,1,0,0,0,1,0,0,1,0,0,0,0,0,0,0,0,0
1,0,17,0,1,0,1,1,1,1,0,0,4,3,25,13.0,0,0,0,0,1,0,0,0,1,0,1,0,0,0,1,0,0,1,0,0,1,0,0,0,0,1,0,0,0,0,0,1,0,0,0
1,0,16,0,1,0,1,1,1,0,0,1,4,2,8,13.33,0,0,0,0,1,0,0,0,1,0,0,1,0,0,0,0,1,1,0,0,0,0,0,0,0,1,0,0,0,0,0,0,0,0,0
1,0,16,0,1,0,0,1,1,0,2,0,0,2,8,9.0,0,1,0,0,0,1,0,0,0,0,0,0,1,0,0,0,1,0,0,0,1,0,1,0,0,1,0,0,0,0,0,0,0,0,1
1,0,16,0,1,0,1,1,1,1,0,0,5,1,9,12.0,0,0,0,1,0,0,1,0,0,0,0,0,0,0,0,0,1,1,0,0,1,0,1,0,0,0,1,0,0,0,0,1,0,0,0
1,0,17,0,1,0,1,0,1,1,0,1,0,1,8,16.0,0,0,1,0,0,0,1,0,0,0,0,0,1,0,0,0,1,0,0,0,0,0,0,0,0,1,0,0,0,0,0,0,0,1,0
1,1,16,0,1,0,0,1,1,1,4,0,4,1,10,9.67,0,0,1,0,0,1,0,0,0,0,0,0,1,0,0,0,1,0,0,0,1,0,0,0,0,0,0,0,0,0,0,0,0,0,1
1,1,16,0,0,0,1,1,1,1,0,0,5,1,9,13.33,0,0,0,0,1,1,0,0,0,0,0,0,1,0,0,0,1,0,0,0,1,0,0,0,0,1,0,0,0,0,0,0,0,0,1
1,1,18,0,0,0,0,1,1,0,18,0,0,2,9,10.0,18,0,1,0,0,0,0,0,1,1,0,0,0,0,0,0,1,0,1,0,1,0,1,0,0,1,0,0,1,0,0,0,1,0,0
1,1,18,0,1,0,0,0,1,1,16,0,0,2,3,9.0,16,0,1,0,0,0,1,0,0,0,0,0,0,1,0,0,0,0,1,0,1,0,0,0,0,1,0,0,1,0,0,0,0,0,1
1,1,18,0,1,0,0,1,1,0,14,0,4,0,1,7.33,14,0,0,1,0,0,0,1,0,0,0,0,1,0,0,0,1,0,1,0,1,0,1,0,0,0,0,0,1,0,0,0,1,0,0
1,0,18,0,1,0,1,0,1,1,26,0,4,1,12,7.67,26,0,1,0,0,0,1,0,0,0,0,0,1,0,0,0,0,0,1,0,0,1,0,0,0,0,0,0,1,0,0,0,0,0,0
1,0,17,0,1,0,1,0,1,0,6,0,4,2,2,9.0,0,0,0,0,1,0,0,0,1,0,1,0,0,0,1,0,0,0,1,0,1,0,0,0,0,0,0,0,0,0,0,0,0,0,1
1,1,17,0,1,0,1,1,0,0,4,0,5,1,8,14.33,0,0,0,1,0,0,1,0,0,0,0,0,1,0,0,0,1,0,1,0,0,0,0,0,0,1,0,0,0,0,0,0,1,0,0
1,1,17,0,1,0,1,1,1,1,10,0,0,2,6,10.33,0,1,0,0,0,1,0,0,0,0,0,0,0,0,0,0,0,0,1,0,1,0,0,0,0,0,1,0,0,0,0,0,0,1,0
1,1,16,0,1,0,0,1,1,0,4,0,5,0,15,11.33,0,1,0,0,0,0,1,0,0,0,0,0,1,0,0,0,1,0,1,0,1,0,0,0,0,0,0,0,0,0,0,0,0,0,1
1,1,17,1,1,0,1,1,0,0,2,0,2,1,1,13.0,0,0,1,0,0,1,0,0,0,0,0,0,0,1,0,0,0,0,1,0,1,0,0,1,0,1,0,0,0,0,0,0,1,0,0
1,1,17,1,0,0,0,1,1,0,14,0,0,2,20,8.67,14,1,0,0,0,0,0,0,1,0,0,0,1,0,0,0,1,0,1,0,0,1,0,0,1,0,0,0,1,0,0,0,0,0,1
1,0,18,0,1,0,0,1,1,0,16,1,5,0,20,7.67,0,0,1,0,0,0,1,0,0,0,0,0,1,1,0,0,0,1,0,0,0,0,0,0,0,1,0,0,0,0,0,1,0,0,0
1,1,17,0,0,0,0,0,1,0,8,0,0,1,2,10.0,8,0,1,0,0,0,1,0,0,0,0,0,1,0,0,0,1,0,0,0,1,0,0,0,0,0,0,0,1,0,0,0,0,0,0
1,1,17,1,1,0,1,1,1,0,4,0,0,1,9,14.67,0,1,0,0,0,1,0,0,0,0,0,0,0,0,0,0,1,0,1,0,1,0,1,0,0,0,1,0,0,0,0,0,0,0,1
1,1,17,0,0,0,1,1,0,0,4,0,0,2,6,14.33,0,0,0,0,1,0,1,0,0,0,1,0,0,0,0,0,1,0,1,0,1,0,0,0,0,1,0,0,0,0,0,0,0,1,0
1,0,17,0,1,0,1,1,1,1,8,0,0,1,25,15.0,0,0,0,0,1,0,0,1,0,0,0,1,0,0,0,0,1,0,1,0,1,0,1,0,0,1,0,0,0,0,0,0,0,0,1
1,0,17,1,0,0,0,1,1,0,0,0,0,2,9,12.0,0,0,0,0,1,0,0,0,1,0,1,0,0,0,0,0,1,0,1,0,1,0,1,0,0,1,0,0,0,0,0,0,0,1,0
1,0,16,0,1,0,1,0,1,0,7,0,0,1,20,14.33,0,0,0,0,1,0,0,1,0,0,1,0,0,0,0,0,1,0,1,0,1,0,0,0,0,0,0,0,0,0,0,0,1,0,0
1,0,16,0,1,1,1,1,1,0,4,0,5,1,6,14.67,0,0,0,0,1,0,0,0,1,1,0,0,0,1,0,0,0,0,1,0,1,0,0,0,0,0,0,0,0,0,0,0,0,0,1
1,1,17,0,1,1,0,1,1,1,2,0,5,2,3,11.33,0,0,0,0,1,0,0,0,1,0,1,0,0,1,0,0,0,0,1,0,1,0,0,0,0,1,0,0,0,0,0,0,0,0,1
1,0,17,1,1,0,0,0,1,1,2,0,4,1,9,14.0,0,1,0,0,0,1,0,0,0,0,0,0,1,0,0,0,1,0,0,0,0,0,1,0,0,0,1,0,0,0,0,0,0,0,0
1,1,17,0,1,0,0,1,1,1,10,0,4,2,4,11.0,0,0,0,1,0,0,0,1,0,1,0,0,0,0,0,0,1,0,0,0,1,0,1,0,0,0,1,0,0,0,0,0,0,0,1
1,1,17,0,1,0,0,0,0,1,10,0,4,2,6,9.67,0,1,0,0,0,1,0,0,0,0,0,0,0,0,0,0,1,0,1,0,1,0,0,0,0,1,0,0,0,0,0,0,0,1,0
1,1,18,0,1,0,0,0,1,1,10,0,4,2,16,11.0,0,0,1,0,0,1,0,0,0,0,0,0,1,0,0,0,1,0,1,0,0,1,1,0,0,0,1,0,0,0,0,0,1,0,0
1,0,16,0,1,0,0,1,1,0,7,0,4,1,9,15.67,0,0,1,0,0,1,0,0,0,0,0,0,1,0,0,0,1,0,1,0,1,0,0,1,0,0,0,0,0,0,0,0,0,1,0
1,1,17,0,1,0,0,1,0,0,4,0,4,2,12,10.67,0,1,0,0,0,1,0,0,0,0,0,0,1,1,0,0,0,0,1,0,0,0,0,0,0,1,0,0,0,0,0,0,0,0,1
1,0,17,0,1,0,0,1,1,0,2,0,5,1,4,11.33,0,0,1,0,0,0,0,1,0,0,0,0,1,0,0,0,1,0,1,0,0,0,1,0,0,0,0,0,0,0,0,1,0,0,0
1,0,22,0,1,0,0,0,1,1,12,1,5,0,20,6.67,36,0,0,1,0,1,0,0,0,1,0,0,0,1,0,0,0,0,0,1,1,0,0,0,0,0,0,0,0,0,1,0,0,0,0
1,0,18,1,1,0,0,1,1,1,8,0,0,2,9,9.67,0,0,0,1,0,0,0,1,0,0,0,0,1,1,0,0,0,0,1,0,1,0,0,0,0,1,0,0,0,0,0,0,0,0,1
1,0,16,0,1,0,0,0,1,0,0,1,4,1,6,11.33,0,0,0,0,0,0,1,0,0,0,0,0,1,0,0,0,1,0,0,1,1,0,0,0,0,0,0,0,0,0,0,0,0,0,1
1,0,18,0,1,0,0,1,1,0,8,1,4,0,20,7.33,0,0,0,1,0,0,1,0,0,1,0,0,0,0,0,0,1,0,1,0,1,0,1,0,0,0,0,0,0,0,0,0,0,0,1
1,0,16,0,1,0,0,0,1,0,4,0,5,3,9,10.0,4,0,0,1,0,0,0,1,0,0,0,0,0,0,0,0,1,1,0,0,0,1,0,1,0,1,0,0,1,0,0,1,0,0,0
1,0,18,0,1,0,0,0,1,0,4,1,3,0,10,7.0,8,0,1,0,0,1,0,0,0,1,0,0,0,1,0,0,0,0,0,1,1,0,0,0,0,0,0,0,0,1,0,0,0,0,1
1,0,16,1,1,0,1,0,0,0,2,0,3,1,6,13.0,0,0,1,0,0,1,0,0,0,0,0,0,1,0,0,0,1,0,1,0,1,0,1,0,0,0,0,0,0,0,0,0,1,0,0
1,0,17,1,1,0,0,0,1,0,0,1,4,1,8,12.33,0,0,1,0,0,1,0,0,0,0,0,0,1,0,0,0,1,0,1,0,1,0,0,0,0,0,0,0,0,0,0,0,0,0,1
1,0,17,0,1,0,1,1,1,0,0,0,0,2,16,9.67,0,1,0,0,0,1,0,0,0,0,0,1,0,0,0,0,1,0,1,0,1,0,1,0,0,0,0,0,1,0,0,0,0,0,1
1,1,18,0,0,0,0,0,1,1,2,0,0,2,12,12.33,0,0,1,0,0,1,0,0,0,0,0,0,1,0,0,0,1,0,1,0,1,0,0,0,0,1,0,0,0,0,0,0,0,0,1
1,1,17,0,1,0,1,1,1,0,2,0,0,2,6,15.33,0,0,0,0,1,0,1,0,0,0,1,0,0,1,0,0,0,1,0,0,1,0,0,0,0,0,0,1,0,0,0,0,0,1,0
1,1,19,0,1,0,0,1,1,0,0,0,4,2,9,10.33,0,0,1,0,0,0,1,0,0,1,0,0,0,1,0,0,0,0,0,0,1,0,0,0,0,1,0,0,0,0,0,0,0,0,1
1,0,18,0,1,0,1,0,1,0,4,1,0,0,20,10.67,4,0,1,0,0,1,0,0,0,1,0,0,0,0,0,0,1,0,1,0,1,0,0,1,0,1,0,0,1,0,0,0,0,0,1
1,1,17,1,1,0,1,1,1,0,2,0,4,2,12,12.33,0,0,0,0,1,0,1,0,0,0,0,0,1,0,0,0,1,0,1,0,1,0,0,0,0,0,1,0,0,0,0,0,0,0,1
1,1,18,0,1,0,0,0,0,0,4,0,0,2,12,12.33,0,1,0,0,0,1,0,0,0,0,0,0,1,0,0,0,0,0,0,0,1,0,0,0,0,0,1,0,0,0,0,0,1,0,0
1,1,18,1,1,0,0,1,0,0,4,0,3,2,6,11.67,0,0,1,0,0,0,1,0,0,0,0,0,1,0,0,0,1,0,0,0,1,0,0,0,0,1,0,0,0,0,0,0,0,0,1
1,0,19,0,0,0,0,1,1,0,4,0,0,2,3,12.67,0,0,0,0,1,0,0,1,0,1,0,0,0,0,0,0,0,1,0,0,1,0,0,0,0,1,0,0,0,0,0,0,0,0,0
1,0,18,0,1,0,1,1,1,0,2,0,5,1,8,16.0,0,0,1,0,0,1,0,0,0,0,0,0,1,0,0,0,1,0,0,0,1,0,0,0,0,1,0,0,0,0,0,0,0,1,0
1,0,17,1,1,0,0,0,0,0,0,0,5,0,4,9.67,0,0,1,0,0,0,1,0,0,0,0,0,1,1,0,0,0,0,0,1,1,0,1,0,0,0,0,0,0,0,0,0,0,1,0
1,1,17,0,1,0,1,1,1,1,2,0,0,1,4,11.0,0,0,1,0,0,0,1,0,0,1,0,0,0,1,0,0,0,0,1,0,0,0,0,0,0,0,0,1,0,0,0,1,0,0,0
1,1,20,1,1,1,1,1,1,1,8,0,1,1,6,11.33,0,0,1,0,0,1,0,0,0,0,0,0,1,0,0,0,1,0,1,0,0,1,1,0,0,1,0,0,0,0,0,1,0,0,0
1,1,18,0,1,0,0,1,1,1,2,0,3,2,2,15.0,0,0,0,0,1,0,0,1,0,1,0,0,0,0,0,0,1,0,0,0,0,0,0,0,0,1,0,0,0,0,0,1,0,0,0
1,0,18,0,1,0,0,0,1,0,2,0,4,2,6,10.33,0,0,0,0,1,0,0,1,0,0,1,0,0,0,0,0,1,0,1,0,1,0,0,0,0,1,0,0,0,0,0,0,1,0,0
1,0,18,1,1,0,1,0,0,0,2,0,5,1,6,11.0,0,0,0,1,0,0,1,0,0,0,0,0,1,0,0,0,1,0,1,0,1,0,0,0,0,0,1,0,0,0,0,0,1,0,0
1,1,17,0,1,0,1,0,0,0,2,0,3,1,6,13.33,0,0,0,1,0,0,0,1,0,0,0,0,1,0,0,0,1,0,0,0,1,0,0,0,0,0,1,0,0,0,0,0,0,1,0
1,1,18,0,1,0,1,1,1,1,0,0,4,2,9,12.0,0,0,1,0,0,0,1,0,0,0,0,0,0,1,0,0,0,0,0,0,1,0,0,0,0,0,1,0,0,0,0,0,1,0,0
1,0,17,0,1,0,0,1,1,0,8,0,4,0,16,8.33,0,0,1,0,0,0,1,0,0,0,0,0,1,0,0,0,1,0,0,0,0,0,1,0,0,0,0,0,0,0,0,0,0,1,0
1,0,18,1,0,0,1,1,1,0,6,1,0,2,10,15.67,0,0,0,1,0,0,0,0,1,0,0,0,1,0,0,0,1,1,0,0,1,0,1,0,0,1,0,0,0,0,0,0,0,0,0
1,0,17,0,1,0,1,1,1,1,0,1,5,1,16,12.0,0,0,0,1,0,1,0,0,0,1,0,0,0,0,0,0,1,0,0,1,1,0,0,0,0,1,0,0,0,0,0,0,0,0,1
1,1,18,1,1,0,1,1,1,0,8,0,4,1,12,11.0,0,0,0,0,1,0,0,0,1,0,1,0,0,0,0,0,1,1,0,0,1,0,1,0,0,1,0,0,0,0,0,0,0,1,0
1,0,18,0,1,0,1,1,1,1,4,0,5,2,20,12.0,0,0,0,0,1,0,1,0,0,0,0,1,0,0,0,0,1,1,0,0,0,0,0,0,0,1,0,0,0,0,0,0,0,0,1
1,1,18,1,1,0,0,1,1,1,12,0,4,1,15,9.0,0,0,1,0,0,1,0,0,0,0,0,0,1,0,0,0,1,1,0,0,1,0,1,0,0,1,0,0,0,0,0,0,1,0,0
1,1,19,0,1,0,1,1,1,0,16,1,4,2,15,11.67,0,0,0,1,0,0,0,1,0,0,0,0,1,1,0,0,0,0,0,0,0,1,0,0,0,1,0,0,0,0,0,0,0,0,1
1,1,18,0,1,0,1,1,1,1,10,0,4,2,25,16.0,0,0,1,0,0,0,0,1,0,0,0,0,1,1,0,0,0,1,0,0,0,0,0,0,0,0,0,1,0,0,0,1,0,0,0
1,1,18,0,1,0,0,0,0,0,2,0,0,2,12,13.0,0,1,0,0,0,1,0,0,0,0,0,0,1,0,0,0,1,0,0,0,1,0,1,0,0,1,0,0,0,0,0,0,1,0,0
1,0,17,1,1,0,1,0,0,1,2,0,3,2,10,17.0,0,1,0,0,0,0,1,0,0,0,0,0,0,0,0,0,0,0,0,0,1,0,0,0,0,1,0,0,0,0,0,0,0,0,0
1,1,18,0,1,0,0,1,1,1,8,0,4,2,10,14.33,0,0,1,0,0,1,0,0,0,0,0,0,1,0,0,0,1,0,0,0,1,0,0,0,0,1,0,0,0,0,0,0,0,0,0
1,1,17,0,1,0,0,1,1,1,6,0,4,2,9,15.67,0,0,1,0,0,0,0,0,1,0,0,0,0,0,0,1,0,1,0,0,1,0,1,0,0,1,0,0,0,0,0,0,0,0,0
1,1,17,0,1,0,0,1,1,1,6,0,0,3,16,12.0,0,0,1,0,0,0,1,0,0,1,0,0,0,0,0,0,1,0,1,0,1,0,1,0,0,1,0,0,0,0,0,0,0,0,1
1,1,18,1,0,0,0,0,1,1,15,0,4,0,1,10.33,0,0,0,1,0,0,1,0,0,0,0,0,1,1,0,0,0,0,0,0,1,0,1,0,0,1,0,0,0,0,0,0,0,0,1
1,0,18,0,1,0,1,1,1,0,6,0,3,1,8,11.67,0,0,0,0,1,0,0,0,1,0,1,0,0,1,0,0,0,0,0,0,1,0,1,0,0,0,0,0,0,0,0,0,1,0,0
1,1,18,0,1,0,1,1,1,1,2,0,2,3,16,13.0,2,0,0,0,1,0,0,0,1,0,0,1,0,0,0,1,0,1,0,0,0,0,0,0,0,1,0,0,1,0,0,0,0,1,0
1,1,17,0,1,0,0,1,1,1,8,0,4,2,6,14.33,0,0,1,0,0,0,1,0,0,0,0,0,1,1,0,0,0,1,0,0,0,0,0,1,0,0,1,0,0,0,0,0,0,0,0
1,1,19,1,1,0,0,1,1,0,0,1,3,2,9,9.0,0,0,0,1,0,0,1,0,0,1,0,0,0,1,0,0,0,1,0,0,0,0,0,0,0,1,0,0,1,0,0,0,1,0,0
1,0,18,0,1,0,1,1,1,0,0,0,0,1,6,10.0,0,0,0,0,1,0,0,1,0,0,1,0,0,1,0,0,0,0,1,0,1,0,1,0,0,0,0,0,0,0,0,0,0,0,0
1,0,18,0,1,0,0,0,1,0,10,1,3,0,16,10.33,0,1,0,0,0,0,1,0,0,0,0,0,0,0,0,0,1,0,0,0,0,1,1,0,0,0,0,0,0,0,0,0,0,1,0
1,0,17,0,0,0,1,1,1,1,22,1,0,1,20,10.67,0,0,0,0,1,1,0,0,0,1,0,0,0,0,0,0,1,0,0,0,1,0,1,0,0,0,0,0,0,0,0,0,0,0,1
1,0,17,0,0,0,0,1,1,0,18,1,0,1,16,13.0,0,0,0,1,0,0,1,0,0,0,1,0,0,1,0,0,0,0,0,0,1,0,0,0,0,0,0,0,0,0,0,0,1,0,0
1,1,18,1,1,0,1,1,0,0,2,0,0,2,4,17.33,0,1,0,0,0,1,0,0,0,0,0,0,0,0,0,0,1,1,0,0,1,0,1,0,0,0,0,1,0,0,0,0,1,0,0
1,1,18,0,1,0,1,1,1,0,0,0,5,2,16,12.67,0,1,0,0,0,1,0,0,0,0,0,0,1,0,0,0,1,0,0,0,1,0,1,0,0,1,0,0,0,0,0,0,0,1,0
1,1,17,0,1,0,0,0,1,0,12,0,5,2,20,12.67,0,0,1,0,0,0,1,0,0,0,0,0,1,0,0,0,1,0,1,0,1,0,0,0,0,1,0,0,0,0,0,0,0,0,1
1,1,18,0,1,0,1,1,1,1,10,0,4,1,3,13.0,0,0,1,0,0,1,0,0,0,0,0,0,1,0,0,0,1,1,0,0,1,0,1,0,0,1,0,0,0,0,0,0,0,0,1
1,0,17,0,1,0,0,0,1,0,0,0,4,1,9,12.0,0,1,0,0,0,1,0,0,0,0,0,0,1,0,0,0,1,1,0,0,0,0,0,0,0,1,0,0,0,0,0,0,0,1,0
1,1,18,0,1,0,0,1,1,0,0,0,4,2,9,18.0,0,0,1,0,0,0,1,0,0,0,0,0,0,0,0,0,0,0,0,1,1,0,0,0,0,0,1,0,0,0,0,1,0,0,0
1,1,17,0,1,0,0,1,1,0,0,0,4,2,9,13.33,0,1,0,0,0,1,0,0,0,1,0,0,0,0,1,0,0,1,0,0,1,0,0,0,0,0,1,0,0,0,0,0,1,0,0
1,0,18,0,1,0,1,1,1,0,0,0,4,1,8,14.67,0,0,1,0,0,1,0,0,0,1,0,0,0,1,0,0,0,1,0,0,1,0,0,0,0,0,1,0,0,0,0,1,0,0,0
1,0,18,0,0,0,1,1,1,0,0,0,0,2,12,17.0,0,0,0,0,1,0,0,0,1,0,1,0,0,0,1,0,0,1,0,0,1,0,0,0,0,1,0,0,0,0,0,1,0,0,0
1,0,18,0,1,0,1,1,1,1,2,0,4,2,6,15.67,0,0,0,0,1,0,1,0,0,0,1,0,0,0,0,0,1,0,0,0,1,0,0,0,0,1,0,0,0,0,0,0,0,0,1
1,1,17,0,1,0,0,1,1,0,0,0,4,2,4,17.67,0,0,0,0,1,0,0,1,0,0,0,1,0,1,0,0,0,1,0,0,1,0,0,0,0,0,1,0,0,0,0,0,1,0,0
1,1,17,1,1,0,0,1,0,0,0,0,0,2,2,18.67,0,0,0,1,0,1,0,0,0,1,0,0,0,0,0,0,1,1,0,0,1,0,1,0,0,0,0,1,0,0,0,0,1,0,0
1,0,18,1,1,0,1,1,1,0,0,0,0,2,8,14.67,0,0,0,1,0,0,1,0,0,1,0,0,0,0,0,0,1,1,0,0,1,0,1,0,0,0,1,0,0,0,0,0,0,1,0
1,0,17,0,1,0,0,1,1,0,0,0,4,2,12,14.67,0,0,0,1,0,0,0,1,0,0,0,1,0,0,0,0,1,0,0,0,1,0,0,0,0,0,0,0,0,0,0,0,0,0,1
1,1,19,0,1,0,1,1,1,0,2,0,2,2,12,13.33,0,0,0,0,1,0,0,0,1,0,0,1,0,0,0,0,1,1,0,0,0,1,1,0,0,1,0,0,0,0,0,1,0,0,0
1,1,18,0,1,0,0,1,1,1,0,0,0,2,20,13.67,0,0,0,0,1,0,0,1,0,0,0,0,1,0,0,0,1,0,0,0,0,1,1,0,0,1,0,0,0,0,0,1,0,0,0
1,1,18,0,1,0,0,1,1,0,0,0,4,2,9,16.67,0,0,0,0,1,0,0,1,0,0,0,0,1,0,0,0,1,1,0,0,0,0,0,0,0,0,0,1,0,0,0,0,1,0,0
1,0,18,0,1,0,0,1,1,1,0,0,0,2,8,17.67,0,0,0,0,1,0,0,0,1,0,1,0,0,0,1,0,0,0,0,0,1,0,0,0,0,0,0,0,0,0,0,0,0,0,0
1,1,18,0,0,1,0,1,1,1,0,0,0,2,8,14.67,0,0,0,0,1,0,0,0,1,0,0,1,0,0,0,0,1,0,0,0,1,0,0,0,0,1,0,0,0,0,0,0,0,1,0
1,0,17,0,1,0,0,1,1,0,0,0,0,1,1,12.67,0,0,0,0,1,0,0,0,1,0,0,0,1,0,1,0,0,0,0,0,0,0,1,0,0,0,0,0,0,0,0,0,0,0,1
1,1,17,1,1,0,1,1,1,0,0,0,5,2,12,7.33,0,0,0,0,1,0,0,0,1,1,0,0,0,1,0,0,0,1,0,0,1,0,1,0,0,0,1,0,0,0,0,0,0,0,1
1,1,17,0,1,0,0,1,1,0,0,0,4,2,9,16.0,0,0,0,0,1,0,1,0,0,0,0,0,1,0,0,0,1,1,0,0,1,0,1,0,0,0,1,0,0,0,0,0,1,0,0
1,1,17,0,1,0,1,0,1,0,0,0,5,2,4,18.0,0,0,0,1,0,0,1,0,0,0,0,1,0,0,0,1,0,1,0,0,0,0,0,0,0,0,0,1,0,0,0,0,0,0,1
1,0,19,1,1,0,1,1,1,1,0,0,0,1,3,10.0,0,0,1,0,0,1,0,0,0,0,0,0,0,1,0,0,0,0,1,0,1,0,1,0,0,0,1,0,1,0,0,0,0,0,1
1,0,20,0,0,0,1,1,0,0,0,0,5,1,15,14.67,0,0,0,1,0,0,1,0,0,1,0,0,0,0,0,0,1,0,1,0,0,1,0,0,0,0,0,0,0,1,0,0,0,0,1
1,0,19,1,1,0,1,1,0,1,0,0,4,1,15,10.33,0,0,0,1,0,0,0,1,0,0,0,0,1,1,0,0,0,1,0,0,0,0,0,0,0,1,0,0,0,0,0,0,0,0,1
1,1,18,0,1,0,0,0,0,1,2,0,3,3,16,10.33,0,1,0,0,0,0,0,0,1,0,0,0,1,0,1,0,0,0,0,0,1,0,0,0,0,1,0,0,0,0,0,0,0,0,1
1,1,18,0,1,0,1,1,1,0,2,0,5,2,9,13.0,0,0,1,0,0,1,0,0,0,1,0,0,0,0,0,0,1,0,1,0,1,0,1,0,0,1,0,0,0,0,0,0,0,0,0
1,1,17,0,1,0,1,1,1,1,2,0,4,1,2,12.33,0,0,1,0,0,0,0,1,0,0,0,0,1,0,0,0,1,0,1,0,0,0,1,0,0,1,0,0,0,0,0,0,1,0,0
1,1,17,1,1,0,1,1,1,0,2,0,4,1,16,16.0,0,0,0,0,1,0,0,0,1,0,1,0,0,0,1,0,0,0,1,0,1,0,0,0,0,0,0,0,0,0,0,0,0,0,1
1,1,18,0,1,0,1,1,1,1,2,0,4,2,12,15.33,0,0,0,0,1,0,0,1,0,0,0,0,1,0,0,0,1,0,1,0,1,0,0,0,0,0,1,0,0,0,0,0,0,0,1
1,1,18,0,1,0,0,1,1,0,8,0,0,2,8,13.0,0,0,0,0,1,0,0,1,0,0,0,1,0,1,0,0,0,0,1,0,1,0,1,0,0,0,0,0,0,0,0,0,0,0,0
1,1,17,1,1,0,1,0,1,0,2,1,4,2,12,15.67,0,0,0,1,0,0,0,0,1,0,0,0,0,1,0,0,0,0,1,0,0,0,0,0,0,0,1,0,0,0,0,0,0,0,1
1,1,18,0,1,0,0,1,1,0,8,0,4,2,4,12.33,0,0,0,1,0,0,0,1,0,0,0,0,0,0,0,0,1,0,1,0,0,0,0,0,0,1,0,0,0,0,0,0,1,0,0
1,0,19,0,1,0,1,1,1,1,9,0,5,2,16,10.33,0,0,0,0,1,0,1,0,0,0,0,1,0,0,0,0,1,0,1,0,1,0,1,0,0,1,0,0,0,0,0,0,0,0,0
1,1,18,0,1,0,0,1,1,0,0,1,4,2,16,12.0,0,0,0,0,1,0,0,0,1,0,1,0,0,0,0,0,1,0,1,0,1,0,0,0,0,1,0,0,0,0,0,0,0,0,1
1,1,18,0,1,0,1,1,1,1,4,0,5,2,16,12.33,0,0,0,1,0,0,0,0,1,0,0,0,1,0,0,0,1,0,1,0,1,0,0,0,0,0,0,0,0,0,0,0,0,0,0
1,1,17,0,1,0,1,1,1,0,2,0,5,1,12,15.33,0,0,0,0,1,0,0,0,1,0,0,1,0,0,0,1,0,0,1,0,1,0,0,0,0,0,0,0,0,0,0,0,0,0,1
1,1,17,0,0,0,0,1,1,1,14,0,5,2,4,15.33,0,0,0,0,1,0,0,1,0,1,0,0,0,1,0,0,0,0,1,0,1,0,0,0,0,1,0,0,0,0,0,0,0,0,1
1,1,17,0,0,0,0,1,1,0,0,0,0,3,9,12.33,0,0,0,1,0,0,0,1,0,1,0,0,0,0,0,0,1,0,0,0,1,0,0,0,0,1,0,0,0,0,0,0,0,0,1
1,1,17,0,1,0,1,1,1,0,2,0,0,1,6,12.33,0,0,1,0,0,1,0,0,0,0,0,0,1,0,0,0,1,0,0,0,0,0,0,0,0,1,0,0,0,0,0,1,0,0,0
1,0,18,0,1,0,0,1,1,0,2,1,0,2,10,9.33,0,0,0,0,1,0,0,0,1,0,0,0,1,0,0,0,1,1,0,0,0,0,0,0,0,0,0,0,0,0,0,0,0,0,1
1,1,19,0,1,0,1,1,0,1,12,1,1,0,25,10.33,0,1,0,0,0,1,0,0,0,0,0,0,1,0,0,0,1,0,1,0,0,1,0,1,0,0,1,0,0,0,0,0,0,0,1
1,1,19,0,0,0,0,0,1,1,2,0,0,2,12,8.33,4,1,0,0,0,1,0,0,0,0,0,0,1,0,0,0,1,0,1,0,0,1,0,1,0,1,0,0,0,1,0,0,0,1,0
1,1,18,0,1,0,1,1,1,1,2,1,4,2,15,10.0,0,0,1,0,0,0,1,0,0,0,0,0,1,0,0,0,1,0,1,0,1,0,0,0,0,0,0,0,0,0,0,0,0,0,1
1,1,17,0,1,0,0,1,0,1,4,0,4,2,4,13.33,0,0,1,0,0,0,1,0,0,0,0,0,1,0,0,0,1,0,1,0,1,0,0,0,0,1,0,0,0,0,0,0,1,0,0
1,1,17,1,1,0,1,1,1,0,0,0,0,2,6,10.67,0,0,1,0,0,0,1,0,0,1,0,0,0,1,0,0,0,0,1,0,1,0,0,0,0,0,1,0,0,0,0,0,1,0,0
1,1,17,0,1,0,0,0,1,0,0,0,3,2,12,17.33,0,0,0,1,0,1,0,0,0,1,0,0,0,1,0,0,0,0,1,0,0,0,0,0,0,0,1,0,0,0,0,0,0,0,1
1,1,17,0,1,0,0,1,1,0,0,0,0,1,9,14.33,0,0,0,0,0,0,1,0,0,0,0,0,0,0,0,0,0,0,0,0,0,0,1,0,0,0,1,0,0,0,0,1,0,0,0
1,1,18,0,1,0,1,1,1,0,0,0,4,1,25,14.0,0,1,0,0,0,1,0,0,0,0,0,0,1,0,0,0,1,0,0,0,1,0,1,0,0,0,1,0,0,0,0,1,0,0,0
1,0,18,0,1,0,1,1,1,0,0,0,4,1,9,13.33,0,0,0,0,1,0,0,0,1,0,0,0,1,0,0,0,1,0,1,0,1,0,0,0,0,0,1,0,0,0,0,0,1,0,0
1,0,17,0,1,0,1,0,1,0,0,1,4,1,15,17.33,0,0,0,1,0,0,0,1,0,0,0,0,1,1,0,0,0,1,0,0,1,0,0,0,0,0,0,0,0,0,0,0,0,0,1
1,0,17,1,1,0,0,1,1,0,2,1,4,2,20,10.33,0,0,1,0,0,0,1,0,0,1,0,0,0,0,0,0,1,0,1,0,1,0,0,0,1,0,0,0,0,0,0,0,0,1,0
1,1,17,0,1,0,1,1,1,0,0,0,5,2,16,12.67,0,0,0,0,1,0,0,0,1,0,1,0,0,1,0,0,0,0,1,0,1,0,0,0,0,0,1,0,0,0,0,0,0,1,0
1,1,17,0,1,0,0,0,1,1,4,0,4,2,9,14.67,0,0,0,0,1,0,0,0,1,0,1,0,0,0,1,0,0,0,1,0,1,0,1,0,0,0,1,0,0,0,0,0,0,1,0
1,1,17,0,1,1,1,1,1,0,2,1,4,2,10,11.33,0,0,0,1,0,0,0,1,0,0,0,0,0,0,0,0,1,0,1,0,1,0,0,0,0,0,0,0,0,0,0,0,0,0,1
1,0,18,0,1,1,1,1,1,0,0,1,0,2,25,11.33,0,0,1,0,0,0,1,0,0,0,0,0,1,0,0,0,1,0,1,0,1,0,0,0,0,0,0,1,0,0,0,0,0,0,1
1,0,19,1,1,0,0,0,0,1,0,0,5,2,12,10.33,0,0,0,1,0,0,1,0,0,0,0,0,0,1,0,0,0,0,0,0,0,1,0,0,0,0,0,0,0,0,0,0,0,0,1
1,1,18,0,1,0,1,1,0,1,2,0,4,1,10,9.67,0,0,1,0,0,0,1,0,0,0,0,0,0,0,0,0,1,0,1,0,1,0,0,0,1,1,0,0,0,0,0,1,0,0,0
1,1,17,1,1,0,0,1,1,1,0,0,4,2,12,15.0,0,0,1,0,0,0,0,0,1,0,0,0,0,0,0,0,1,0,1,0,0,0,0,0,0,0,1,0,0,0,0,0,0,0,1
1,0,18,0,1,0,0,0,1,0,6,0,5,1,8,14.67,0,0,1,0,0,0,1,0,0,0,0,0,1,0,0,0,1,1,0,0,1,0,0,0,0,0,0,0,0,0,0,0,0,0,1
1,1,18,0,1,0,1,1,1,0,8,0,5,1,12,11.0,0,0,0,1,0,0,0,1,0,1,0,0,0,1,0,0,0,0,0,0,1,0,0,0,0,1,0,0,0,0,0,0,0,1,0
1,1,18,0,1,0,1,0,1,1,0,0,0,1,9,10.33,0,0,1,0,0,0,1,0,0,0,0,0,1,0,0,0,1,0,0,0,0,1,0,0,0,1,0,0,0,0,0,1,0,0,0
1,1,18,1,1,0,1,1,0,0,6,0,4,1,16,13.67,0,0,1,0,0,0,1,0,0,0,0,0,0,0,0,0,1,0,1,0,1,0,1,0,0,0,0,1,0,0,0,0,0,1,0
1,1,17,0,1,0,0,1,1,0,8,0,4,1,20,12.67,0,0,0,1,0,0,0,0,1,1,0,0,0,0,0,0,1,0,1,0,1,0,0,0,0,0,1,0,0,0,0,0,0,0,1
1,1,17,0,1,0,0,1,1,1,0,0,4,2,6,13.33,0,0,0,1,0,0,1,0,0,0,0,0,1,0,0,0,1,0,0,0,1,0,0,0,0,1,0,0,0,0,0,1,0,0,0
1,1,18,0,1,0,0,1,1,0,4,0,0,2,9,14.33,0,0,0,1,0,0,0,1,0,1,0,0,0,1,0,0,0,0,0,0,1,0,0,0,0,0,0,1,0,0,0,0,0,0,0
1,1,17,1,0,0,0,1,1,0,0,0,4,2,9,14.67,0,0,0,1,0,0,1,0,0,0,0,0,1,0,0,0,1,0,0,0,1,0,0,0,0,1,0,0,0,0,0,1,0,0,0
1,0,18,0,1,0,1,1,1,0,0,0,4,2,9,12.33,0,0,0,0,1,0,0,0,1,0,1,0,0,1,0,0,0,0,0,0,0,0,0,0,0,1,0,0,0,0,0,1,0,0,0
1,0,18,0,1,0,1,1,1,1,6,0,0,1,9,16.33,0,0,0,1,0,0,0,0,1,1,0,0,0,0,0,0,1,0,0,0,1,0,0,0,0,1,0,0,0,0,0,0,0,0,1
1,1,17,0,0,0,0,1,1,1,18,0,3,2,3,12.0,0,0,1,0,0,0,1,0,0,0,0,0,0,0,0,0,0,0,0,0,0,0,0,0,0,1,0,0,0,0,0,0,0,1,0
1,1,18,0,1,0,0,1,1,0,0,0,4,2,9,12.33,0,0,1,0,0,0,0,1,0,0,0,0,0,0,0,0,1,0,1,0,1,0,0,0,0,0,1,0,0,0,0,0,1,0,0
1,1,18,0,1,0,0,1,1,1,4,0,5,1,12,15.67,0,0,0,1,0,0,1,0,0,0,0,0,1,1,0,0,0,0,0,1,1,0,0,0,0,0,1,0,0,0,0,0,0,0,0
1,0,18,1,1,0,0,1,1,1,4,0,5,1,6,15.33,0,0,0,0,1,0,0,1,0,0,1,0,0,1,0,0,0,0,1,0,1,0,0,0,0,0,1,0,0,0,0,0,0,1,0
1,0,18,0,1,0,0,1,1,1,0,0,5,2,20,13.67,0,0,0,0,1,0,0,1,0,0,1,0,0,0,0,0,1,0,1,0,1,0,0,0,0,0,1,0,0,0,0,0,0,0,1
1,1,17,0,1,0,1,1,1,1,0,0,4,2,12,12.0,0,0,0,0,1,0,0,1,0,0,0,1,0,0,0,0,1,1,0,0,1,0,0,0,0,0,1,0,0,0,0,0,0,1,0
1,1,17,0,1,0,1,1,1,1,10,0,4,2,12,14.0,0,0,1,0,0,1,0,0,0,1,0,0,0,0,0,0,1,0,1,0,1,0,1,0,0,1,0,0,0,0,0,0,0,0,0
1,1,17,0,1,0,1,1,1,0,4,1,4,2,15,14.67,0,0,1,0,0,1,0,0,0,1,0,0,0,0,0,0,1,1,0,0,1,0,0,0,0,1,0,0,0,0,0,0,0,1,0
1,1,19,0,0,0,0,1,1,0,16,1,0,0,6,10.67,16,0,1,0,0,0,0,1,0,0,0,0,0,0,0,0,1,0,0,0,0,1,1,0,0,0,0,0,1,0,0,0,0,0,1
1,1,17,0,1,1,0,1,1,1,6,0,4,2,2,12.0,6,0,0,1,0,1,0,0,0,0,0,0,1,0,0,0,0,0,0,0,1,0,0,0,0,0,0,0,1,0,0,0,1,0,0
1,1,21,0,1,1,1,1,1,0,0,0,0,1,6,11.0,0,0,0,0,1,0,0,0,1,0,0,0,1,0,0,0,1,1,0,0,0,1,0,0,0,0,1,0,0,1,0,0,0,0,1
1,0,18,0,1,0,1,0,1,0,11,0,0,1,16,10.67,0,0,1,0,0,0,1,0,0,1,0,0,0,1,0,0,0,1,0,0,1,0,0,0,0,1,0,0,0,0,0,0,1,0,0
1,0,18,0,0,0,1,1,1,1,9,0,0,1,15,14.0,0,0,0,1,0,0,0,0,1,0,0,0,1,0,0,0,1,1,0,0,0,1,0,0,0,1,0,0,0,0,0,1,0,0,0
1,1,17,0,1,0,1,1,1,0,0,0,4,2,12,15.67,0,0,1,0,0,0,1,0,0,1,0,0,0,1,0,0,0,1,0,0,1,0,0,0,0,1,0,0,0,0,0,0,0,1,0
1,0,17,0,0,0,0,1,1,0,2,0,0,2,8,14.0,0,0,0,0,1,0,0,0,1,0,0,1,0,0,0,0,1,1,0,0,1,0,0,0,0,0,1,0,0,0,0,0,0,1,0
1,1,18,0,1,0,1,1,1,0,0,0,0,2,4,16.0,0,0,0,0,1,0,1,0,0,0,1,0,0,0,0,0,1,0,1,0,1,0,0,0,0,1,0,0,0,0,0,0,1,0,0
1,0,21,1,1,0,1,1,1,1,21,1,0,1,9,9.67,42,1,0,0,0,1,0,0,0,0,0,0,0,0,0,0,1,0,1,0,0,1,1,0,0,1,0,0,0,1,0,0,0,1,0
1,1,20,1,1,0,0,1,1,1,8,0,3,1,4,13.67,0,1,0,0,0,1,0,0,0,0,0,0,1,0,0,0,1,1,0,0,0,1,1,0,0,0,1,0,0,0,0,0,1,0,0
1,1,19,0,1,0,0,1,1,1,5,1,3,2,10,10.0,5,0,0,0,1,0,0,0,1,0,1,0,0,0,0,0,1,0,0,0,0,1,0,0,0,0,0,0,1,0,0,0,0,0,1
1,0,17,0,0,0,0,1,1,0,10,0,0,2,16,17.33,0,0,0,1,0,0,1,0,0,0,0,0,1,0,0,0,1,1,0,0,1,0,0,0,0,1,0,0,0,0,0,0,0,0,1
1,1,18,0,1,0,0,1,1,1,5,0,4,2,12,16.0,0,0,0,1,0,0,1,0,0,0,0,0,0,0,0,0,1,1,0,0,0,0,0,0,0,0,1,0,0,0,0,1,0,0,0
1,0,18,1,1,0,0,1,1,0,13,1,3,1,3,13.67,0,0,1,0,0,0,0,1,0,0,0,0,1,1,0,0,0,1,0,0,0,0,0,0,0,0,0,0,0,0,0,0,0,1,0
1,0,19,0,1,0,0,1,1,0,10,0,5,1,12,9.67,0,0,1,0,0,1,0,0,0,0,0,0,1,0,0,0,1,1,0,0,1,0,0,0,0,0,0,0,0,0,0,0,0,1,0
1,1,18,0,0,0,0,1,1,0,10,0,0,2,4,16.0,0,0,1,0,0,0,1,0,0,1,0,0,0,0,0,0,1,1,0,0,1,0,1,0,0,1,0,0,0,0,0,0,0,1,0
1,1,20,0,1,0,0,1,1,1,5,0,5,2,3,9.33,5,1,0,0,0,0,0,0,0,0,0,0,1,0,0,0,1,1,0,0,1,0,1,0,0,0,0,0,1,0,0,0,0,0,1
1,1,18,0,1,0,1,0,1,1,4,0,3,2,2,12.0,0,0,0,1,0,0,1,0,0,1,0,0,0,0,0,0,1,0,0,0,1,0,0,0,0,1,0,0,0,0,0,0,0,0,0
0,1,16,0,1,0,0,1,1,1,11,0,4,1,9,10.67,0,1,0,0,0,0,0,1,0,0,0,0,0,0,0,0,1,0,0,1,0,0,1,0,0,0,0,0,0,0,0,0,0,0,1
0,1,16,1,1,0,1,1,1,0,0,0,4,2,16,12.0,0,0,1,0,0,0,1,0,0,0,0,0,1,0,0,0,1,0,1,0,1,0,1,0,0,1,0,0,0,0,0,0,0,0,1
0,1,15,1,1,0,0,1,0,1,6,0,4,2,3,10.0,6,1,0,0,0,1,0,0,0,0,0,0,0,1,0,0,0,0,0,1,1,0,0,0,0,0,0,0,1,0,0,1,0,0,0
0,1,15,1,1,0,0,1,1,0,4,0,5,2,16,10.33,0,0,0,1,0,0,0,1,0,0,0,0,0,0,0,0,1,0,1,0,1,0,1,0,0,0,0,0,0,0,0,0,0,0,1
0,1,16,1,1,0,0,1,0,0,0,0,4,1,10,16.67,0,0,1,0,0,0,0,1,0,0,0,0,0,1,0,0,0,0,1,0,1,0,1,0,0,1,0,0,0,0,0,0,0,0,1
0,1,15,1,1,0,0,1,0,0,0,0,0,0,12,7.67,0,0,1,0,0,1,0,0,0,0,0,0,0,0,0,0,1,0,0,0,1,0,1,0,0,0,0,0,0,0,0,0,0,0,0
0,0,16,1,0,0,0,1,0,0,5,0,0,2,6,10.67,0,0,0,0,1,0,0,0,1,0,0,0,0,0,0,0,1,0,0,0,1,0,0,0,0,1,0,0,0,0,0,1,0,0,0
0,0,16,0,0,0,0,1,1,0,0,0,4,2,12,10.67,0,1,0,0,0,0,1,0,0,0,0,0,1,0,0,0,1,0,0,1,1,0,0,0,0,0,1,0,0,0,0,0,0,0,1
0,1,17,1,1,0,0,1,0,1,0,0,4,1,20,10.0,0,0,0,1,0,0,1,0,0,0,0,0,0,0,0,0,1,0,1,0,0,0,0,0,0,1,0,0,1,0,0,0,0,0,1
0,1,17,1,1,0,0,0,1,0,0,0,5,1,16,6.33,0,1,0,0,0,1,0,0,0,0,0,0,1,0,0,0,1,0,0,1,0,0,0,0,0,0,0,0,1,0,0,0,0,0,1
0,1,15,1,1,0,0,1,1,1,0,1,1,1,5,13.67,0,0,0,0,1,0,0,0,1,0,1,0,0,0,0,0,1,0,1,0,1,0,1,0,0,0,0,0,0,0,0,0,0,0,1
0,1,16,0,0,0,1,0,0,1,4,0,0,0,2,10.0,0,0,1,0,0,0,1,0,0,0,0,0,0,0,0,0,1,1,0,0,1,0,1,0,0,0,0,1,0,0,0,0,0,0,0
0,1,15,1,1,0,0,1,1,0,0,0,0,2,12,10.0,0,1,0,0,0,1,0,0,0,0,0,0,0,1,0,0,0,1,0,0,0,0,1,0,0,1,0,0,0,0,0,0,0,1,0
0,1,15,1,1,0,0,1,1,1,4,0,0,2,12,7.0,4,1,0,0,0,1,0,0,0,0,0,0,1,1,0,0,0,0,1,0,1,0,1,0,0,0,0,0,1,0,0,1,0,0,0
0,1,16,1,1,0,1,1,0,0,0,0,3,2,6,11.67,0,0,0,0,0,0,1,0,0,0,0,0,1,0,0,0,1,0,0,1,1,0,1,0,0,0,0,0,0,0,0,1,0,0,0
0,1,17,1,1,0,0,1,1,0,2,0,5,2,25,11.0,0,0,1,0,0,0,0,1,0,0,0,0,1,0,0,0,1,0,1,0,1,0,1,0,0,0,0,0,0,0,0,0,1,0,0
0,1,15,1,1,0,0,0,1,0,0,0,4,1,3,15.33,0,0,0,1,0,0,0,1,0,0,0,0,1,1,0,0,0,0,1,0,0,0,1,0,0,0,0,0,0,0,0,0,0,1,0
0,0,16,0,1,0,1,1,0,1,0,1,5,2,20,2.33,0,1,0,0,0,1,0,0,0,0,0,0,0,1,0,0,0,0,0,0,1,0,1,0,0,1,0,0,0,0,0,0,1,0,0
0,0,17,0,1,1,0,0,1,0,4,1,4,1,12,8.67,0,1,0,0,0,1,0,0,0,0,0,0,1,0,0,0,1,0,0,0,1,0,0,0,0,1,0,0,0,0,0,0,0,0,1
0,0,15,1,1,0,1,1,1,0,0,0,0,2,12,13.0,0,0,0,0,1,1,0,0,0,0,0,1,0,1,0,0,0,1,0,0,0,0,0,0,0,1,0,0,0,0,0,1,0,0,0
0,0,15,1,1,0,1,1,1,0,7,0,0,2,12,8.0,0,0,0,0,1,1,0,0,0,0,0,1,0,1,0,0,0,1,0,0,0,0,0,0,0,1,0,0,0,0,0,1,0,0,0
0,0,16,1,1,0,0,0,0,0,4,0,3,1,20,10.0,0,0,0,1,0,0,0,0,1,0,0,0,1,0,0,1,0,0,0,1,1,0,0,1,0,1,0,0,0,0,0,0,0,0,1
0,0,15,1,1,0,1,1,0,1,8,1,5,2,20,8.33,0,1,0,0,0,1,0,0,0,0,0,0,1,0,0,0,1,0,1,0,1,0,0,0,1,1,0,0,0,0,0,0,0,1,0
0,0,15,0,1,0,1,1,1,0,0,0,0,2,9,11.0,0,0,0,1,0,0,0,1,0,0,0,0,0,0,0,0,0,1,0,0,0,0,0,0,0,1,0,0,0,0,0,0,0,0,1
0,0,17,1,1,0,1,1,0,1,8,1,5,0,25,9.0,0,0,1,0,0,1,0,0,0,0,0,0,1,0,0,0,1,0,0,1,1,0,0,1,0,0,0,0,0,0,0,0,1,0,0
0,1,16,1,1,0,1,1,1,1,6,0,4,1,4,16.33,0,0,0,0,1,0,0,0,1,0,1,0,0,0,1,0,0,0,1,0,1,0,1,0,0,0,1,0,0,0,0,0,0,1,0
0,1,15,1,1,0,0,1,0,0,3,0,5,1,2,12.33,0,1,0,0,0,0,1,0,0,0,0,0,1,1,0,0,0,0,1,0,1,0,1,0,0,0,0,0,0,0,0,0,0,0,0
0,1,16,1,1,0,0,1,1,0,2,0,4,2,20,15.0,0,0,1,0,0,0,0,1,0,0,0,0,1,1,0,0,0,0,1,0,1,0,0,1,0,1,0,0,0,0,0,0,0,0,0
0,0,16,1,1,0,0,1,0,0,0,0,4,1,9,10.67,0,1,0,0,0,0,1,0,0,0,0,0,1,0,0,0,1,0,1,0,0,0,1,0,0,1,0,0,0,0,0,0,0,0,1
0,1,16,1,1,0,0,1,1,0,4,0,4,2,20,10.0,0,0,1,0,0,0,1,0,0,0,0,0,1,0,0,0,1,0,1,0,1,0,0,1,0,1,0,0,0,0,0,0,0,1,0
0,1,16,0,1,0,0,1,0,0,0,0,1,2,6,8.67,0,1,0,0,0,0,1,0,0,0,0,0,1,1,0,0,0,0,1,0,1,0,0,0,0,0,1,0,1,0,0,0,0,1,0
0,1,16,0,1,0,0,1,0,0,3,0,1,2,6,8.33,3,1,0,0,0,0,1,0,0,0,0,0,1,1,0,0,0,0,1,0,1,0,0,0,0,0,1,0,1,0,0,0,0,1,0
0,1,15,0,1,0,0,0,1,0,0,1,4,3,8,9.33,0,0,1,0,0,1,0,0,0,0,0,0,0,0,0,0,1,0,0,0,1,0,0,0,0,1,0,0,0,0,0,1,0,0,0
0,1,16,0,1,0,0,0,0,1,0,0,5,2,12,14.0,0,1,0,0,0,1,0,0,0,0,0,0,0,0,0,0,1,0,1,0,0,0,0,0,0,1,0,0,0,0,0,1,0,0,0
0,0,17,1,1,0,1,1,1,0,4,1,0,2,25,10.67,0,1,0,0,0,0,1,0,0,0,0,0,0,1,0,0,0,1,0,0,1,0,0,0,0,0,0,0,0,0,0,0,1,0,0
0,1,16,1,1,0,0,0,1,0,0,0,4,2,6,12.0,0,1,0,0,0,1,0,0,0,0,0,0,1,0,0,0,1,0,0,0,0,0,0,0,1,0,0,1,0,0,0,0,0,0,0
0,1,16,1,1,0,0,1,0,0,2,0,4,3,12,9.67,0,1,0,0,0,1,0,0,0,0,0,0,0,0,0,0,1,0,0,1,0,0,0,0,1,0,1,0,0,0,0,0,0,0,1
0,1,15,1,1,0,1,1,1,0,1,0,4,2,9,10.67,0,1,0,0,0,1,0,0,0,0,0,0,0,0,0,0,1,0,0,0,0,0,1,0,0,1,0,0,0,0,0,1,0,0,0
0,1,16,1,1,0,1,1,1,1,0,1,4,1,4,13.0,0,1,0,0,0,1,0,0,0,0,0,0,0,0,0,0,1,0,0,1,1,0,1,0,0,0,0,0,0,0,0,1,0,0,0
0,1,15,1,1,0,0,1,0,0,0,0,4,2,2,13.67,0,1,0,0,0,1,0,0,0,0,0,0,0,0,0,0,0,0,1,0,0,0,0,1,0,1,0,0,0,0,0,1,0,0,0
0,1,15,1,1,0,0,1,0,0,2,0,0,3,12,12.33,0,0,1,0,0,0,1,0,0,0,0,0,1,0,0,0,1,0,0,1,0,0,0,0,0,0,1,0,0,0,0,0,0,0,1
0,0,16,1,1,0,1,1,0,0,6,1,3,1,16,11.0,0,1,0,0,0,1,0,0,0,0,0,0,0,0,0,0,1,0,0,1,0,0,1,0,0,0,0,0,0,0,0,0,0,0,1
0,1,18,0,1,0,1,1,1,1,9,0,3,2,16,8.33,9,1,0,0,0,0,1,0,0,0,0,0,1,0,0,0,1,0,1,0,0,0,0,0,0,1,0,0,1,0,0,0,0,0,1
0,0,15,0,1,0,0,1,0,0,0,0,3,2,6,10.0,0,0,0,1,0,1,0,0,0,0,0,0,1,1,0,0,0,0,0,0,1,0,1,0,0,0,0,0,0,0,0,0,0,1,0
0,1,16,1,1,0,1,1,1,0,1,0,5,2,12,13.67,0,0,1,0,0,0,1,0,0,0,0,0,1,1,0,0,0,0,1,0,0,0,0,1,0,1,0,0,0,0,0,1,0,0,0
0,0,15,0,1,0,0,1,0,0,1,0,4,1,9,12.67,0,0,1,0,0,0,1,0,0,0,0,1,0,0,0,0,1,1,0,0,1,0,0,1,0,0,0,0,0,0,0,0,0,1,0
0,0,16,0,1,0,1,1,0,1,0,0,4,2,3,12.67,0,0,0,0,1,0,0,0,1,0,0,0,1,0,1,0,0,0,1,0,0,0,0,0,0,1,0,0,0,0,0,0,1,0,0
0,1,15,1,1,0,0,1,1,1,4,0,4,2,20,12.33,0,0,0,1,0,0,0,1,0,1,0,0,0,0,0,0,1,1,0,0,1,0,0,0,0,1,0,0,0,0,0,0,0,0,0
0,1,16,1,1,0,1,0,0,0,2,0,4,2,16,11.67,2,0,1,0,0,0,1,0,0,0,0,0,0,0,0,0,1,0,1,0,1,0,1,0,0,1,0,0,1,0,0,0,0,0,1
0,1,16,1,1,0,1,1,0,1,0,0,0,2,6,14.67,0,0,1,0,0,0,1,0,0,0,0,0,1,0,0,0,1,0,0,0,0,0,0,1,0,0,0,0,0,0,0,0,0,1,0
0,0,16,0,1,0,1,1,1,0,4,0,0,2,12,9.33,0,0,1,0,0,1,0,0,0,0,0,0,0,1,0,0,0,0,1,0,1,0,1,0,0,0,0,0,0,0,0,0,0,1,0
0,0,15,1,1,0,1,1,1,0,2,1,0,2,8,10.67,0,1,0,0,0,0,0,1,0,0,0,0,0,0,0,0,1,1,0,0,0,0,0,1,0,0,0,0,0,0,0,0,1,0,0
0,1,15,0,1,0,1,1,0,0,0,0,5,2,6,13.0,0,0,1,0,0,0,1,0,0,0,0,0,1,1,0,0,0,0,1,0,1,0,1,0,0,0,1,0,0,0,0,0,0,1,0
0,1,16,1,1,0,0,1,1,1,2,0,0,2,12,8.67,0,0,1,0,0,1,0,0,0,0,0,0,1,0,0,0,1,0,0,0,1,0,0,0,0,0,0,0,0,0,0,0,0,0,1
0,0,15,0,1,0,1,0,1,0,11,1,4,2,9,11.0,0,0,0,1,0,0,0,1,0,1,0,0,0,1,0,0,0,0,1,0,0,0,1,0,0,0,0,0,0,0,0,0,1,0,0
0,1,16,1,1,0,0,1,0,0,0,0,3,3,12,7.33,0,1,0,0,0,1,0,0,0,0,0,0,0,0,0,0,1,0,1,0,0,0,1,0,0,1,0,0,0,0,1,0,0,0,0
0,1,17,0,1,0,1,1,0,0,4,0,4,1,15,9.33,0,0,1,0,0,0,1,0,0,0,0,0,1,0,0,0,0,0,1,0,1,0,0,0,0,0,0,0,0,0,0,0,0,0,1
0,1,19,0,1,0,0,1,1,1,0,0,4,0,16,9.33,0,0,1,0,0,0,0,1,0,0,0,0,0,1,0,0,0,0,1,0,0,1,0,0,0,0,0,0,1,0,0,1,0,0,0
0,1,17,1,1,0,1,1,0,1,2,0,5,1,15,10.0,0,0,1,0,0,1,0,0,0,0,0,0,0,0,0,0,1,0,1,0,1,0,0,1,0,0,0,0,0,0,0,0,1,0,0
0,1,15,1,1,0,0,1,0,1,0,0,0,1,2,9.33,0,1,0,0,0,1,0,0,0,0,0,0,0,0,0,0,1,0,1,0,1,0,1,0,0,0,0,0,0,0,0,0,0,1,0
0,1,16,1,1,0,0,1,1,0,1,0,3,1,20,10.0,0,0,1,0,0,0,1,0,0,0,0,0,1,0,0,0,1,0,1,0,0,0,0,1,0,1,0,0,0,0,0,0,0,0,0
0,1,16,0,0,0,0,1,0,0,6,0,0,1,12,7.33,0,0,1,0,0,0,1,0,0,0,0,0,1,0,0,0,1,0,0,0,1,0,0,0,0,0,0,0,0,0,0,0,0,0,0
0,1,17,1,1,0,0,1,1,0,0,0,4,2,15,10.67,0,0,1,0,0,0,1,0,0,0,0,0,0,0,0,0,1,0,1,0,1,0,1,0,0,1,0,0,0,0,0,0,0,1,0
0,1,16,0,1,1,1,0,1,0,1,0,4,2,12,9.67,1,0,1,0,0,0,1,0,0,0,0,0,1,1,0,0,0,0,1,0,0,0,0,0,0,0,0,0,1,0,0,0,1,0,0
0,1,18,1,0,0,0,0,0,1,6,0,0,1,6,8.67,12,0,0,1,0,0,1,0,0,0,0,0,1,0,0,0,1,0,1,0,0,1,1,0,0,0,1,0,0,1,0,1,0,0,0
0,1,19,0,1,0,1,1,0,1,6,0,5,0,3,8.33,6,1,0,0,0,1,0,0,0,0,0,0,0,1,0,0,0,0,1,0,1,0,0,0,0,0,1,0,1,0,0,0,1,0,0
0,0,18,1,1,0,1,1,1,0,0,1,4,0,12,9.0,0,1,0,0,0,1,0,0,0,0,0,0,1,0,0,0,1,0,0,0,1,0,1,0,0,0,0,0,1,0,0,0,0,1,0
0,1,18,1,1,0,0,0,1,1,4,0,3,0,6,10.0,4,1,0,0,0,1,0,0,0,0,0,0,0,0,0,0,0,0,1,0,1,0,1,0,0,0,0,0,1,0,0,1,0,0,0
0,1,19,0,1,0,0,1,1,1,12,0,1,2,4,8.0,12,1,0,0,0,1,0,0,0,0,0,0,1,0,0,0,1,0,1,0,0,1,1,0,0,1,0,0,1,0,0,0,0,0,0
0,1,16,1,0,0,0,0,0,1,2,0,3,1,6,9.33,0,0,1,0,0,0,1,0,0,0,0,1,0,0,0,0,1,0,1,0,1,0,0,0,0,1,0,0,0,0,0,0,1,0,0
0,1,17,0,1,0,1,0,0,0,5,1,2,1,16,9.33,0,0,0,0,0,1,0,0,0,0,0,0,1,0,0,0,0,0,1,0,0,0,1,0,0,0,0,0,0,0,0,0,0,0,1
0,1,16,1,1,0,1,1,1,0,0,0,0,0,20,8.67,0,1,0,0,0,0,1,0,0,0,0,0,0,0,0,0,1,0,1,0,1,0,0,0,0,1,0,0,0,0,0,0,1,0,0
0,1,16,0,1,0,1,1,1,1,0,0,4,0,20,13.33,0,0,0,1,0,0,0,1,0,0,0,0,1,0,0,0,1,1,0,0,1,0,0,0,0,0,0,0,0,0,0,0,0,1,0
0,1,16,1,1,0,1,1,1,1,2,0,0,2,16,14.0,0,1,0,0,0,1,0,0,0,1,0,0,0,1,0,0,0,0,0,0,1,0,0,0,0,0,0,0,0,0,0,0,0,1,0
0,0,17,0,1,1,1,1,0,0,0,1,5,2,20,10.33,0,0,0,1,0,0,0,1,0,1,0,0,0,0,0,0,0,0,1,0,1,0,1,0,0,0,0,1,1,0,0,0,0,0,1
0,1,16,0,1,0,1,1,1,0,0,0,5,2,9,13.67,0,0,1,0,0,1,0,0,0,0,0,0,1,1,0,0,0,0,1,0,1,0,0,0,0,1,0,0,0,0,0,0,0,0,0
0,1,16,0,1,1,1,1,0,1,0,0,4,2,10,16.33,0,0,1,0,0,0,1,0,0,1,0,0,0,0,0,0,1,0,1,0,1,0,0,0,0,0,0,0,0,0,0,0,0,0,1
0,0,17,0,1,0,1,1,1,1,12,1,5,1,15,6.67,12,1,0,0,0,0,1,0,0,0,0,0,1,0,0,0,1,0,1,0,0,0,0,0,0,0,0,0,1,0,0,0,0,0,0
0,0,16,0,1,0,1,1,1,0,8,1,0,1,10,13.0,0,0,0,0,1,0,0,1,0,0,0,0,1,0,0,0,1,0,1,0,0,0,0,0,0,0,0,0,0,0,0,0,0,0,1
0,0,17,1,1,0,0,1,0,0,2,1,0,2,15,9.0,2,0,1,0,0,0,1,0,0,1,0,0,0,1,0,0,0,0,0,1,1,0,0,1,0,0,0,1,1,0,0,0,1,0,0
0,1,16,0,1,0,1,1,1,0,0,0,2,3,2,14.0,0,1,0,0,0,1,0,0,0,0,0,0,1,0,0,0,1,0,1,0,0,1,0,0,0,0,0,1,0,0,0,0,0,0,1
0,1,19,0,1,0,0,1,1,1,0,0,0,1,20,12.67,0,0,1,0,0,0,1,0,0,0,0,0,1,0,0,0,1,0,0,0,1,0,0,0,0,0,1,0,0,0,0,0,0,0,0
0,1,17,1,1,0,1,0,1,1,0,0,4,2,20,11.0,0,1,0,0,0,1,0,0,0,0,0,0,0,0,0,0,1,1,0,0,1,0,1,0,0,0,0,0,0,0,0,0,0,0,1
0,1,20,0,1,0,1,1,1,1,8,1,3,1,12,10.0,8,0,0,1,0,0,0,1,0,0,0,0,0,1,0,0,0,0,0,1,1,0,1,0,0,1,0,0,1,0,0,0,1,0,0
0,1,17,0,1,0,0,1,0,1,0,0,0,2,9,10.67,0,1,0,0,0,1,0,0,0,0,0,0,1,1,0,0,0,0,1,0,0,0,0,0,0,0,1,0,0,0,0,0,1,0,0
0,0,17,1,1,0,0,0,1,0,0,0,4,2,20,9.33,0,0,1,0,0,0,1,0,0,0,0,0,1,0,0,0,1,0,1,0,1,0,0,1,0,0,0,0,1,0,0,0,0,0,1
0,1,16,1,1,0,0,1,0,0,0,0,0,2,6,17.0,0,1,0,0,0,1,0,0,0,0,0,0,0,0,0,0,1,0,1,0,0,0,0,1,0,1,0,0,0,0,0,0,0,0,0
0,1,17,1,1,0,1,1,0,0,0,0,5,2,6,16.33,0,0,1,0,0,0,1,0,0,0,0,0,1,0,0,0,1,1,0,0,1,0,1,0,0,1,0,0,0,0,0,0,0,0,0
0,1,17,0,0,0,0,1,1,1,1,0,4,1,20,10.0,0,1,0,0,0,0,0,0,0,0,0,0,1,0,0,0,1,0,0,1,1,0,1,0,0,1,0,0,0,0,0,0,0,1,0
0,1,18,1,1,0,0,1,1,1,9,0,4,2,6,7.0,9,1,0,0,0,1,0,0,0,0,0,0,0,0,0,0,1,0,0,1,1,0,0,0,0,1,0,0,1,0,0,0,0,0,1
0,1,16,0,1,0,1,1,1,0,0,0,3,1,3,7.33,0,0,0,1,0,1,0,0,0,0,0,0,1,0,0,0,1,0,1,0,1,0,0,0,0,0,0,0,0,0,0,0,0,0,0
0,1,16,0,1,0,0,1,1,0,2,0,3,1,3,6.67,0,0,0,1,0,0,1,0,0,1,0,0,0,0,0,0,0,0,1,0,1,0,0,0,0,0,0,0,0,0,0,0,1,0,0
0,1,18,0,1,0,0,1,0,0,8,0,0,2,15,9.0,0,1,0,0,0,1,0,0,0,0,0,0,1,0,0,0,0,1,0,0,1,0,1,0,0,1,0,0,0,0,0,0,1,0,0
0,1,16,1,1,0,1,0,1,1,0,0,4,1,9,15.33,0,0,0,0,1,0,0,0,1,0,0,1,0,0,1,0,0,1,0,0,0,0,0,0,0,1,0,0,0,0,0,1,0,0,0
0,1,16,1,1,0,1,1,1,0,0,0,0,1,20,14.33,0,1,0,0,0,0,1,0,0,0,0,0,1,0,0,0,1,1,0,0,1,0,1,0,0,0,0,0,0,0,0,1,0,0,0
0,1,18,0,0,0,0,1,1,0,8,0,2,2,6,7.0,8,0,1,0,0,0,0,0,1,0,0,0,1,1,0,0,0,1,0,0,0,0,0,0,0,1,0,0,1,0,0,0,0,0,0
0,0,16,1,1,0,1,1,1,0,0,0,5,1,2,5.0,0,0,1,0,0,1,0,0,0,0,0,0,1,1,0,0,0,1,0,0,1,0,1,0,0,1,0,0,0,0,0,1,0,0,0
0,1,16,0,1,0,0,1,1,0,6,0,0,2,6,7.33,0,1,0,0,0,1,0,0,0,0,0,0,0,0,0,0,1,0,0,1,1,0,0,1,0,1,0,0,0,0,0,0,0,0,1
0,1,16,1,1,0,1,1,1,0,0,0,3,2,9,9.33,0,0,1,0,0,0,0,1,0,0,0,0,0,1,0,0,0,0,0,1,1,0,1,0,0,1,0,0,0,0,0,1,0,0,0
0,1,16,0,1,0,0,1,1,1,4,0,4,2,12,8.0,0,0,0,0,1,0,0,0,1,0,0,1,0,0,0,1,0,0,1,0,1,0,0,0,0,1,0,0,0,0,0,0,1,0,0
0,0,18,0,1,0,1,1,1,1,2,1,0,1,25,5.67,0,0,0,0,1,0,0,0,1,0,0,0,0,0,0,1,0,0,0,0,1,0,0,0,0,0,0,1,0,0,0,0,0,0,1
0,1,16,1,1,0,0,0,0,0,2,0,0,2,2,8.0,0,0,0,1,0,0,0,0,1,0,0,0,0,0,0,0,1,0,0,1,1,0,0,1,0,1,0,0,0,0,0,1,0,0,0
0,0,17,0,1,0,0,1,1,0,0,0,0,2,12,15.0,0,0,0,0,1,0,0,0,1,0,0,0,1,1,0,0,0,0,0,0,1,0,0,0,0,0,1,0,0,0,0,0,0,0,1
0,1,17,1,1,0,0,1,1,1,1,0,4,1,6,13.67,0,0,0,0,1,1,0,0,0,0,0,0,1,0,0,0,1,0,0,1,1,0,0,0,0,0,0,0,0,0,0,0,0,0,1
0,0,16,0,1,0,0,1,0,0,0,0,0,1,3,9.67,0,0,1,0,0,0,1,0,0,1,0,0,0,1,0,0,0,0,0,1,1,0,0,0,1,0,1,0,0,0,0,0,1,0,0
0,1,17,1,1,1,0,1,1,0,5,0,5,2,3,9.0,0,0,1,0,0,0,1,0,0,0,0,0,0,0,0,0,1,0,0,1,1,0,0,0,0,0,0,0,0,0,0,0,0,0,1
0,1,16,0,1,0,0,1,0,0,1,0,0,2,3,11.0,0,0,0,0,1,0,0,0,1,1,0,0,0,1,0,0,0,0,0,1,0,0,1,0,0,0,0,0,0,0,0,0,0,0,1
0,0,17,0,1,0,1,1,1,0,8,1,4,2,4,8.67,0,0,0,1,0,0,0,1,0,1,0,0,0,1,0,0,0,0,0,0,1,0,0,0,0,0,0,0,0,0,0,0,1,0,0
0,0,17,0,1,0,0,1,1,1,0,1,5,1,3,10.0,0,1,0,0,0,1,0,0,0,0,0,0,0,1,0,0,0,0,0,1,1,0,0,1,0,1,0,0,0,0,0,0,0,0,0
0,0,16,0,1,0,0,0,1,1,2,0,4,1,4,8.0,0,0,1,0,0,1,0,0,0,0,0,1,0,1,0,0,0,0,0,1,1,0,1,0,0,1,0,0,0,0,0,0,0,0,1
0,1,16,0,1,0,0,1,1,1,0,0,0,1,4,15.0,0,0,1,0,0,1,0,0,0,0,0,0,1,1,0,0,0,0,0,1,1,0,0,0,0,1,0,0,0,0,0,0,1,0,0
0,0,16,0,1,0,0,1,1,0,0,1,0,2,2,11.67,0,0,0,0,1,0,0,0,1,0,1,0,0,0,0,1,0,0,0,1,0,0,0,0,0,0,0,0,0,0,0,0,0,0,1
0,0,15,1,1,0,1,1,0,0,11,0,5,2,25,10.0,0,1,0,0,0,0,1,0,0,0,0,0,1,1,0,0,0,0,1,0,1,0,0,1,0,1,0,0,0,0,0,0,0,0,1
0,0,15,0,0,0,1,1,0,0,8,0,0,2,20,13.67,0,0,1,0,0,0,1,0,0,0,0,0,1,0,0,0,1,1,0,0,1,0,0,1,0,0,0,1,0,0,0,0,0,0,1
0,0,15,0,0,0,1,1,1,0,11,0,0,1,9,12.33,0,0,1,0,0,1,0,0,0,1,0,0,0,1,0,0,0,0,1,0,1,0,0,0,0,0,0,0,0,0,0,0,0,0,1
0,1,16,1,1,0,0,0,0,1,2,0,0,2,9,11.0,0,0,1,0,0,0,1,0,0,0,0,0,1,0,0,0,1,0,1,0,1,0,0,0,0,0,1,0,0,0,0,0,0,0,1
0,1,16,0,1,0,1,1,1,0,8,0,0,2,8,9.67,0,0,0,0,1,1,0,0,0,0,0,0,1,0,0,0,1,0,0,0,1,0,1,0,0,1,0,0,0,0,0,0,0,0,0
0,1,17,0,1,0,0,1,0,1,5,0,4,1,9,10.33,0,0,0,1,0,0,1,0,0,0,0,0,0,0,0,0,1,0,0,0,1,0,1,0,0,0,0,0,0,0,0,0,0,0,0
0,1,17,1,1,1,0,1,0,0,0,0,5,2,3,10.33,0,0,1,0,0,0,1,0,0,0,0,0,1,0,0,0,1,0,0,1,1,0,1,0,0,1,0,0,0,0,0,0,0,0,1
0,1,16,0,1,0,0,1,1,1,1,0,5,2,15,11.0,0,0,0,0,1,0,0,0,1,0,1,0,0,1,0,0,0,0,1,0,1,0,1,0,0,0,1,0,0,0,0,0,0,0,1
0,0,17,1,1,0,1,1,1,1,2,0,3,1,9,8.67,6,0,0,0,1,0,0,0,1,0,0,1,0,0,0,0,1,0,1,0,0,0,0,1,0,0,0,0,0,0,1,0,0,0,1
0,0,17,1,1,0,1,1,0,1,2,1,0,1,2,11.67,0,1,0,0,0,0,0,1,0,0,0,0,1,0,0,0,1,0,1,0,0,0,1,0,0,0,0,0,0,0,0,0,0,0,1
0,0,17,0,1,0,1,0,1,1,8,1,5,2,16,8.33,8,0,0,1,0,0,0,0,1,1,0,0,0,0,0,0,1,0,0,1,1,0,0,0,0,1,0,0,1,0,0,0,0,0,1
0,1,17,0,1,0,0,1,1,0,0,0,5,2,10,14.67,0,0,0,0,1,0,0,0,1,0,0,1,0,0,0,1,0,0,1,0,0,0,0,0,0,1,0,0,0,0,0,0,0,0,1
0,0,16,1,1,0,0,1,1,0,0,0,0,1,2,10.67,0,0,0,0,1,1,0,0,0,0,0,0,1,0,0,0,0,0,0,1,0,0,0,0,0,0,0,0,0,0,0,1,0,0,0
0,1,17,0,0,0,1,1,1,1,2,0,4,1,25,10.67,0,1,0,0,0,1,0,0,0,0,0,0,0,0,0,0,0,0,0,1,1,0,0,0,0,1,0,0,0,0,0,0,1,0,0
0,1,17,1,1,0,0,0,1,0,0,0,4,3,9,17.67,0,0,0,0,1,0,1,0,0,0,0,0,1,0,0,0,1,0,1,0,1,0,1,0,0,1,0,0,0,0,0,0,0,0,1
0,0,16,0,0,0,0,0,1,1,0,0,0,2,2,12.67,0,0,1,0,0,0,1,0,0,0,0,0,1,1,0,0,0,0,1,0,0,0,1,0,0,1,0,0,0,0,0,0,0,0,1
0,0,17,0,1,1,0,1,1,0,0,0,4,2,2,13.33,0,0,0,1,0,0,1,0,0,0,0,0,1,0,0,0,1,0,0,1,0,0,1,0,0,1,0,0,0,0,0,0,0,0,0
0,0,19,0,1,0,1,1,1,0,2,1,4,1,12,9.33,4,1,0,0,0,1,0,0,0,0,0,0,1,0,0,0,1,0,0,1,1,0,0,0,0,1,0,0,0,1,0,0,0,1,0
0,0,17,0,0,0,0,1,0,1,4,0,0,1,2,11.33,0,1,0,0,0,0,0,0,0,0,0,0,1,0,0,0,1,0,0,0,1,0,0,0,0,0,0,0,0,0,0,0,0,0,1
0,1,17,1,1,0,1,1,1,1,3,0,3,1,25,10.33,0,1,0,0,0,1,0,0,0,0,0,0,0,0,0,0,0,0,1,0,0,0,1,0,0,0,0,0,0,0,0,0,0,1,0
0,1,16,1,1,0,0,0,1,1,5,0,4,3,12,13.33,0,1,0,0,0,0,1,0,0,0,0,0,1,0,0,0,1,0,0,0,0,0,0,0,0,0,1,0,0,0,0,0,1,0,0
0,0,16,1,1,0,0,1,0,0,4,1,0,1,16,10.0,0,1,0,0,0,0,1,0,0,0,0,0,1,0,0,0,0,0,1,0,1,0,0,0,0,0,0,0,0,0,0,0,0,0,1
0,1,17,1,1,0,1,0,1,1,2,0,5,2,16,8.67,6,0,0,1,0,1,0,0,0,0,0,0,1,0,0,0,1,0,1,0,1,0,1,0,0,1,0,0,0,0,1,0,0,0,1
0,0,17,1,1,0,1,1,0,1,0,1,5,0,25,10.33,0,0,1,0,0,0,1,0,0,0,0,0,1,0,0,0,1,0,1,0,1,0,1,0,0,0,0,0,0,0,0,0,0,0,1
0,0,18,1,1,0,0,1,0,0,0,0,4,3,6,12.33,0,1,0,0,0,0,0,0,0,0,0,0,0,0,0,0,0,0,1,0,0,1,0,1,0,0,0,0,1,0,0,0,0,1,0
0,0,17,1,1,0,1,0,1,1,0,0,4,2,25,9.67,0,1,0,0,0,1,0,0,0,0,0,0,1,1,0,0,0,0,1,0,1,0,1,0,0,0,0,0,0,0,0,1,0,0,0
0,0,18,0,1,0,1,1,0,0,6,0,0,2,9,9.67,0,1,0,0,0,1,0,0,0,0,0,0,0,0,0,0,0,0,1,0,1,0,1,0,0,1,0,0,0,0,0,0,0,0,1
0,1,16,1,1,0,1,1,0,1,0,0,0,1,12,12.0,0,0,1,0,0,0,1,0,0,0,0,0,1,1,0,0,0,0,1,0,0,0,0,0,0,1,0,0,0,0,0,0,0,0,0
0,0,17,0,1,0,1,1,0,1,0,0,1,1,2,2.33,0,0,1,0,0,0,1,0,0,0,0,0,1,0,0,0,1,0,1,0,1,0,0,0,0,0,0,0,1,0,0,0,0,0,1
0,0,16,1,1,0,0,1,1,0,2,0,4,1,25,10.0,0,0,0,1,0,0,1,0,0,1,0,0,0,0,0,0,1,0,1,0,0,0,1,0,0,0,0,0,0,0,0,0,0,0,1
0,0,16,1,1,0,1,1,1,0,0,1,0,1,25,9.67,0,1,0,0,0,1,0,0,0,0,0,0,0,0,0,0,1,0,1,0,1,0,1,0,0,0,0,0,0,0,0,0,0,0,1
0,0,18,1,1,0,0,1,1,1,2,0,5,1,9,8.33,2,1,0,0,0,1,0,0,0,1,0,0,0,0,0,0,1,0,1,0,0,1,1,0,0,0,0,0,1,0,0,0,0,0,1
0,0,18,1,1,0,0,1,1,0,0,0,2,0,3,1.33,0,0,0,1,0,0,1,0,0,1,0,0,0,0,0,0,1,0,1,0,1,0,0,0,0,0,0,0,1,0,0,0,0,0,1
0,0,19,0,1,0,1,1,0,0,4,0,3,1,2,8.67,12,0,0,1,0,0,1,0,0,0,0,0,0,1,0,0,0,0,1,0,1,0,1,0,0,0,0,0,0,0,1,0,1,0,0
0,0,18,0,1,0,1,1,1,0,9,0,4,1,20,6.67,18,0,0,1,0,0,0,1,0,0,0,0,0,0,0,0,0,0,1,0,1,0,0,0,0,1,0,0,0,1,0,0,1,0,0
0,0,16,1,1,0,1,1,1,1,6,1,5,2,12,7.67,0,0,1,0,0,0,1,0,0,1,0,0,0,1,0,0,0,0,1,0,1,0,1,0,0,0,0,0,0,0,0,0,0,1,0
0,0,19,0,1,0,1,0,1,1,4,0,4,0,12,8.67,12,0,1,0,0,1,0,0,0,0,0,0,0,0,0,0,1,0,1,0,0,1,1,0,0,0,0,0,0,0,1,0,0,0,1
0,1,16,0,0,0,1,1,0,1,8,0,2,2,25,5.67,16,0,0,1,0,0,1,0,0,1,0,0,0,0,0,0,0,0,1,0,1,0,1,0,0,1,0,0,0,1,0,0,0,0,0
0,1,17,0,1,0,1,1,0,0,9,0,4,2,6,8.67,0,1,0,0,0,1,0,0,0,0,0,0,1,0,0,0,0,0,1,0,1,0,0,0,0,0,0,0,0,0,0,0,0,0,1
0,0,20,1,1,0,0,1,1,1,12,1,4,1,12,9.67,12,1,0,0,0,1,0,0,0,0,0,0,1,0,0,0,1,0,1,0,0,1,1,0,0,0,0,0,1,0,0,0,0,1,0
0,1,18,1,0,0,0,1,1,0,8,1,5,2,16,10.33,0,0,0,0,1,0,0,1,0,1,0,0,0,1,0,0,0,0,1,0,1,0,0,0,0,0,0,0,0,0,0,1,0,0,0
0,0,18,1,1,0,0,0,1,0,8,1,2,2,25,10.0,0,0,0,1,0,0,1,0,0,0,0,0,1,0,0,0,1,0,1,0,1,0,1,0,0,0,0,0,0,0,0,0,0,0,1
0,0,19,1,1,0,0,1,1,0,8,1,5,1,16,10.0,8,1,0,0,0,1,0,0,0,0,0,0,1,1,0,0,0,0,0,0,0,1,0,1,0,1,0,0,1,0,0,1,0,0,0
0,0,17,0,1,0,0,1,1,0,4,0,4,2,20,9.0,4,0,0,1,0,0,0,1,0,0,0,1,0,0,0,0,1,0,1,0,1,0,1,0,0,1,0,0,1,0,0,0,1,0,0
0,0,18,0,1,0,0,1,1,1,0,0,0,0,9,9.33,0,1,0,0,0,0,0,1,0,0,0,0,0,1,0,0,0,0,1,0,1,0,0,0,0,0,0,0,0,0,0,0,1,0,0
0,0,19,1,1,0,0,1,1,0,4,1,4,2,16,9.0,4,1,0,0,0,1,0,0,0,0,0,0,1,0,0,0,1,0,0,0,0,1,0,1,0,0,0,0,1,0,0,0,0,0,1
0,1,18,0,0,0,0,1,0,0,2,0,4,2,9,7.33,4,1,0,0,0,0,1,0,0,0,0,0,0,0,0,0,1,0,1,0,1,0,1,0,0,1,0,0,0,1,0,0,0,0,1
0,1,19,0,0,0,0,1,0,0,0,0,0,1,16,7.0,0,1,0,0,0,1,0,0,0,0,0,0,0,0,0,0,1,0,1,0,1,0,0,0,0,0,0,0,0,0,0,0,0,0,1
0,1,18,1,1,0,0,1,1,1,0,0,5,0,25,4.67,0,0,1,0,0,0,1,0,0,0,0,0,1,0,0,0,1,0,0,1,1,0,1,0,0,0,0,0,1,0,0,0,1,0,0
0,1,17,1,1,0,0,1,1,0,0,0,4,2,12,10.67,0,0,0,0,0,0,0,0,0,0,0,0,0,0,0,0,1,0,1,0,1,0,1,0,0,0,0,0,0,0,0,0,0,0,1
0,1,17,1,0,1,0,1,0,0,5,0,0,1,6,7.67,0,0,0,1,0,1,0,0,0,0,0,0,1,0,0,0,0,0,1,0,0,1,1,0,0,0,1,0,0,0,0,0,1,0,0
0,1,17,0,1,0,1,1,1,0,0,0,5,3,25,5.33,0,0,0,0,1,0,1,0,0,0,1,0,0,1,0,0,0,0,0,0,1,0,0,0,0,1,0,0,0,0,0,0,0,0,1
0,1,18,1,1,0,1,1,1,0,3,0,0,2,9,7.0,3,0,1,0,0,0,1,0,0,1,0,0,0,1,0,0,0,0,1,0,1,0,0,0,0,1,0,0,1,0,0,0,0,1,0
0,1,17,0,1,0,0,1,0,1,0,0,3,2,4,9.0,0,0,0,0,1,1,0,0,0,0,0,1,0,0,0,0,0,0,1,0,1,0,0,0,0,0,0,0,0,0,0,0,0,0,1
0,1,17,0,1,0,0,1,1,0,0,0,0,1,5,9.0,0,1,0,0,0,0,1,0,0,0,0,0,0,0,0,0,1,0,1,0,0,0,0,0,0,0,0,0,0,0,0,0,1,0,0
0,1,18,0,1,0,1,1,0,1,3,0,3,1,16,7.33,6,1,0,0,0,1,0,0,0,0,0,0,1,0,0,0,1,0,1,0,1,0,0,1,0,1,0,0,0,1,0,0,0,0,1
0,1,18,0,1,0,1,0,1,0,2,0,4,1,15,13.0,0,0,1,0,0,0,1,0,0,1,0,0,0,0,0,0,0,1,0,0,0,0,1,0,0,1,0,0,0,0,0,0,0,0,0
0,1,17,0,1,0,0,1,1,0,0,0,4,2,12,12.0,0,0,0,1,0,0,0,1,0,1,0,0,0,1,0,0,0,0,1,0,1,0,1,0,0,0,0,0,0,0,0,0,0,1,0
0,1,18,0,0,0,0,1,1,0,0,0,0,1,12,13.0,0,1,0,0,0,0,1,0,0,0,0,0,0,0,0,0,1,1,0,0,1,0,1,0,0,1,0,0,0,0,0,0,0,1,0
0,1,18,0,1,0,1,0,1,0,0,0,4,1,15,18.0,0,0,0,0,1,0,0,0,1,0,1,0,0,0,1,0,0,1,0,0,1,0,1,0,0,1,0,0,0,0,0,0,0,0,0
0,0,18,0,1,0,1,1,1,0,3,0,0,2,20,17.0,0,0,0,0,1,0,0,0,1,1,0,0,0,0,0,0,1,1,0,0,1,0,0,0,0,0,0,0,0,0,0,0,0,0,1
0,1,17,0,1,0,0,1,1,0,0,0,4,2,9,17.67,0,0,0,0,1,0,1,0,0,0,0,0,1,0,0,0,1,0,1,0,1,0,1,0,0,1,0,0,0,0,0,0,0,1,0
0,1,18,1,1,0,1,1,0,1,0,0,4,1,9,3.0,0,0,1,0,0,0,1,0,0,0,0,0,0,0,0,0,1,0,1,0,1,0,0,1,0,1,0,0,1,0,0,0,0,1,0
0,0,18,0,1,0,0,0,0,0,8,1,0,2,4,10.67,0,1,0,0,0,0,1,0,0,0,0,0,0,1,0,0,0,0,0,0,1,0,1,0,0,0,0,0,0,0,0,0,0,0,0
0,0,18,1,1,1,1,1,1,1,5,0,2,2,25,13.0,0,0,0,0,1,0,0,0,1,0,0,0,0,1,0,0,0,0,0,1,1,0,0,1,0,0,0,0,0,0,0,0,0,0,0
0,0,17,1,1,0,0,0,0,0,4,1,4,0,6,13.0,0,1,0,0,0,1,0,0,0,0,0,0,1,1,0,0,0,0,0,1,0,0,0,1,0,0,0,0,0,0,0,0,0,1,0
0,1,18,0,1,0,0,0,1,1,4,0,1,2,3,8.67,0,0,1,0,0,0,1,0,0,0,0,0,1,0,0,0,1,0,1,0,1,0,1,0,0,1,0,0,0,0,0,1,0,0,0
0,1,18,0,1,0,0,1,1,1,0,0,0,1,20,12.0,0,0,1,0,0,0,1,0,0,1,0,0,0,1,0,0,0,0,1,0,0,0,1,0,0,0,1,0,0,0,0,0,1,0,0
0,1,18,1,0,0,1,1,1,1,0,0,0,1,3,1.67,0,0,0,0,1,0,1,0,0,0,1,0,0,0,0,0,1,1,0,0,1,0,0,0,0,1,0,0,0,0,0,0,0,0,1
0,1,18,0,1,0,0,1,0,0,2,0,4,0,8,9.67,2,1,0,0,0,1,0,0,0,0,0,0,0,1,0,0,0,0,1,0,1,0,0,1,0,1,0,0,1,0,0,1,0,0,0
0,1,19,0,1,0,0,1,0,0,0,0,5,0,25,1.67,0,1,0,0,0,1,0,0,0,0,0,0,0,1,0,0,0,0,0,1,0,0,1,0,0,0,0,0,1,0,0,1,0,0,0
0,1,17,0,1,0,0,1,1,1,0,0,4,1,6,18.0,0,0,0,0,1,0,1,0,0,0,1,0,0,0,0,0,1,0,1,0,0,0,1,0,0,0,0,1,0,0,0,0,0,0,1
0,1,17,1,0,0,1,1,1,1,5,0,0,1,9,11.33,0,0,1,0,0,1,0,0,0,1,0,0,0,0,0,0,1,1,0,0,1,0,1,0,0,1,0,0,0,0,0,1,0,0,0
0,1,18,0,0,0,0,1,0,1,2,0,0,1,6,9.67,0,1,0,0,0,1,0,0,0,0,0,0,0,1,0,0,0,0,1,0,1,0,0,0,0,1,0,0,0,0,0,0,1,0,0
0,1,18,0,1,0,0,1,0,0,0,0,4,1,1,11.33,0,1,0,0,0,0,1,0,0,0,0,0,0,0,0,0,0,0,1,0,0,0,1,0,0,1,0,0,0,0,0,0,0,1,0
0,1,19,1,0,0,1,1,0,1,0,0,3,1,20,2.67,0,1,0,0,0,1,0,0,0,0,0,0,0,0,0,0,0,0,1,0,0,1,1,0,0,1,0,0,0,0,1,0,0,0,0
0,1,18,1,1,0,0,1,1,1,5,0,4,1,2,14.33,0,0,1,0,0,0,1,0,0,1,0,0,0,0,0,0,1,0,0,0,1,0,1,0,0,0,1,0,0,0,0,0,0,1,0
0,0,17,1,1,1,1,0,1,1,4,0,4,2,25,10.67,4,0,0,0,1,0,0,1,0,1,0,0,0,0,0,0,1,0,0,0,1,0,1,0,0,1,0,0,1,0,0,1,0,0,0
0,1,18,0,1,0,0,1,0,1,0,0,5,2,12,10.0,0,0,0,1,0,0,0,1,0,1,0,0,0,1,0,0,0,0,1,0,0,0,0,0,0,1,0,0,0,0,0,0,0,0,1
0,1,17,1,1,1,1,1,1,0,2,0,4,2,9,12.0,0,0,0,0,1,0,0,0,1,0,1,0,0,1,0,0,0,0,0,1,0,0,1,0,0,1,0,0,0,0,0,0,0,0,1
0,1,17,0,0,0,0,1,0,1,0,0,0,1,6,14.67,0,0,0,1,0,0,1,0,0,1,0,0,0,0,0,0,1,1,0,0,1,0,1,0,0,1,0,0,0,0,0,0,0,0,1
0,0,18,0,1,0,0,0,1,1,2,0,0,1,6,13.67,0,1,0,0,0,1,0,0,0,0,0,0,1,1,0,0,0,0,0,0,0,0,1,0,0,0,0,0,0,0,0,0,1,0,0
0,1,18,0,1,0,0,1,1,0,0,0,0,1,6,18.0,0,1,0,0,0,1,0,0,0,0,0,0,0,1,0,0,0,0,1,0,0,0,1,0,0,0,1,0,0,0,0,0,0,1,0
0,1,18,1,0,0,0,1,0,1,0,0,0,1,12,15.33,0,1,0,0,0,0,1,0,0,0,0,0,0,0,0,0,1,0,1,0,1,0,0,1,0,1,0,0,0,0,0,0,0,0,1
0,1,18,0,1,0,0,1,1,1,6,0,4,2,6,12.67,0,0,0,1,0,0,0,1,0,1,0,0,0,1,0,0,0,0,0,1,1,0,1,0,0,1,0,0,0,0,0,0,1,0,0
0,1,17,0,1,0,1,1,1,1,4,0,0,2,12,14.67,0,0,0,0,1,0,0,0,1,0,0,0,0,0,0,0,0,0,1,0,1,0,0,0,0,1,0,0,0,0,0,0,0,0,0
0,1,17,1,1,0,0,0,0,0,0,0,3,1,4,13.0,0,1,0,0,0,0,1,0,0,0,0,0,1,1,0,0,0,0,1,0,0,0,1,0,0,1,0,0,0,0,0,0,1,0,0
0,0,18,1,1,1,0,1,0,0,0,1,3,2,12,9.0,0,1,0,0,0,0,0,1,0,0,0,0,0,0,0,0,1,0,1,0,1,0,1,0,0,1,0,0,0,0,0,0,1,0,0
0,0,18,0,1,0,0,1,1,1,0,0,0,1,4,15.67,0,0,0,0,1,0,0,0,1,0,1,0,0,1,0,0,0,0,0,1,1,0,1,0,0,0,1,0,0,0,0,0,0,0,1
0,1,17,1,1,0,0,1,1,1,0,0,5,2,2,8.33,0,1,0,0,0,1,0,0,0,0,0,0,1,1,0,0,0,1,0,0,1,0,0,1,0,0,0,0,1,0,0,0,0,0,0
0,1,18,0,1,0,0,1,1,1,0,0,5,2,6,10.0,0,0,1,0,0,0,0,1,0,0,0,0,0,1,0,0,0,0,1,0,0,0,1,0,0,0,0,0,0,0,0,0,0,1,0
0,1,18,1,1,0,0,0,1,1,0,1,3,2,4,4.0,0,0,0,0,1,0,0,0,1,0,0,0,1,0,1,0,0,0,0,1,0,0,0,1,0,1,0,0,0,0,0,0,0,0,1
0,0,18,1,1,0,1,1,1,1,3,0,0,1,9,9.67,0,1,0,0,0,0,1,0,0,0,0,0,0,1,0,0,0,0,0,1,0,0,0,1,0,0,0,0,0,0,0,0,1,0,0
0,1,17,0,1,0,1,1,0,1,8,0,3,1,12,11.0,0,0,1,0,0,0,1,0,0,0,0,0,1,0,0,0,0,0,0,0,1,0,0,0,0,0,1,0,0,0,0,0,1,0,0
0,1,17,1,1,0,1,1,1,0,4,0,3,1,25,8.0,0,1,0,0,0,0,1,0,0,0,0,0,1,0,0,0,1,0,1,0,1,0,0,0,0,0,0,0,0,0,0,0,0,0,0
0,1,18,1,1,0,0,1,1,0,0,0,0,1,16,16.33,0,0,0,0,1,0,0,0,1,0,0,0,1,0,0,0,1,1,0,0,1,0,1,0,0,0,1,0,0,0,0,0,0,0,0
0,1,18,1,1,0,0,1,1,0,4,0,4,1,6,11.0,0,1,0,0,0,1,0,0,0,0,0,0,1,0,0,0,1,0,0,0,1,0,0,0,1,0,1,0,0,0,0,0,0,1,0
0,1,19,1,1,0,0,1,1,1,4,0,4,2,9,8.0,4,1,0,0,0,1,0,0,0,0,0,0,0,0,0,0,1,0,1,0,0,1,1,0,0,1,0,0,1,0,0,0,1,0,0
0,1,18,1,1,0,1,1,1,0,1,1,0,1,12,13.67,0,0,0,0,1,0,0,0,1,0,1,0,0,1,0,0,0,0,1,0,1,0,0,0,0,1,0,0,0,0,0,1,0,0,0
0,1,18,0,1,0,0,1,1,1,1,0,4,1,3,16.0,0,0,0,1,0,0,0,1,0,0,0,0,1,0,0,0,1,0,0,0,1,0,0,0,0,1,0,0,0,0,0,0,0,0,0
0,1,17,1,1,0,1,0,1,0,10,0,4,2,20,8.67,0,0,0,1,0,1,0,0,0,0,0,0,0,0,0,0,1,1,0,0,1,0,0,0,0,1,0,0,0,0,0,0,0,0,0
0,0,18,0,1,0,1,0,1,0,4,0,3,1,8,18.0,0,0,0,0,1,0,0,0,1,0,1,0,0,0,1,0,0,0,0,0,0,0,0,0,0,1,0,0,0,0,0,1,0,0,0
0,0,18,1,1,0,1,0,1,1,0,0,4,1,12,4.67,0,0,1,0,0,1,0,0,0,0,0,0,1,0,0,0,1,0,0,1,1,0,1,0,0,0,0,0,0,0,0,0,0,0,1
0,0,17,0,1,0,1,1,1,0,4,0,4,1,12,15.0,0,0,1,0,0,0,0,1,0,0,0,0,1,1,0,0,0,0,0,0,0,0,1,0,0,1,0,0,0,0,0,0,1,0,0
0,0,19,1,1,0,0,1,0,0,0,0,4,1,6,4.33,0,1,0,0,0,1,0,0,0,0,0,0,1,1,0,0,0,0,0,1,1,0,1,0,0,0,0,0,1,0,0,0,0,0,1
0,0,18,1,1,1,0,1,0,0,0,1,5,1,12,4.67,0,0,0,0,1,0,1,0,0,0,0,0,1,0,0,0,1,0,0,0,0,0,1,0,0,0,0,0,1,0,0,0,1,0,0
0,1,18,1,1,0,0,1,0,0,0,0,5,1,9,15.33,0,0,1,0,0,0,1,0,0,0,0,0,0,0,0,0,1,0,0,1,1,0,1,0,0,0,1,0,0,0,0,0,0,1,0
0,1,17,0,1,0,0,1,1,0,0,0,5,1,20,8.67,0,0,0,0,1,0,0,1,0,0,1,0,0,0,0,0,1,0,0,1,1,0,1,0,0,1,0,0,0,0,0,0,0,0,0
0,1,18,1,1,0,1,1,1,1,4,0,4,2,12,8.67,0,0,0,0,1,0,0,0,1,0,1,0,0,0,0,0,0,1,0,0,1,0,0,1,0,0,0,0,0,0,0,0,0,0,1
0,1,19,1,1,0,1,0,1,0,4,0,5,1,8,10.33,4,0,1,0,0,0,0,1,0,1,0,0,0,0,0,0,1,0,1,0,1,0,0,0,0,0,1,0,1,0,0,0,0,0,1
0,1,18,0,1,0,0,1,1,0,4,0,0,2,12,15.33,0,0,0,1,0,1,0,0,0,0,1,0,0,1,0,0,0,0,1,0,1,0,0,0,0,1,0,0,0,0,0,0,0,0,0
0,1,18,0,1,0,1,1,0,0,6,0,1,1,1,10.67,0,1,0,0,0,1,0,0,0,0,0,0,1,0,0,0,1,0,1,0,1,0,1,0,0,1,0,0,0,0,0,0,0,0,1
0,0,17,0,1,0,0,0,1,0,6,1,0,1,20,10.0,0,0,0,1,0,1,0,0,0,1,0,0,0,1,0,0,0,0,1,0,1,0,1,0,0,0,0,0,0,0,0,1,0,0,0
0,0,18,1,1,0,0,0,1,0,4,1,0,1,4,10.67,0,0,0,1,0,0,1,0,0,1,0,0,0,0,0,0,1,0,1,0,1,0,0,1,0,0,0,0,0,0,0,0,0,0,1
